Order ID,Created Time,Order List,Total Item,Due Time
Cust00001,01/03/2022 08:00:00,"[(309, 3), (288, 1)]",4,01/03/2022 14:07:52
Cust00002,01/03/2022 08:00:05,"[(141, 1), (149, 3), (158, 1), (125, 2), (46, 4)]",11,01/03/2022 14:14:46
Cust00003,01/03/2022 08:01:29,"[(66, 3), (295, 3)]",6,01/03/2022 12:46:04
Cust00004,01/03/2022 08:02:06,"[(245, 1), (96, 2), (196, 3)]",6,01/03/2022 21:32:55
Cust00005,01/03/2022 08:02:07,"[(258, 2), (30, 2), (220, 1), (96, 3), (105, 2), (10, 1)]",11,01/03/2022 14:09:30
Cust00006,01/03/2022 08:02:46,"[(101, 2), (26, 3)]",5,01/03/2022 19:10:14
Cust00007,01/03/2022 08:03:00,"[(212, 2), (13, 3), (227, 4)]",9,01/03/2022 12:47:59
Cust00008,01/03/2022 08:03:07,"[(178, 4), (119, 1), (270, 4)]",9,01/03/2022 13:58:58
Cust00009,01/03/2022 08:03:29,"[(93, 2)]",2,01/03/2022 14:40:55
Cust00010,01/03/2022 08:03:42,"[(55, 2)]",2,01/03/2022 14:27:27
Cust00011,01/03/2022 08:04:46,"[(107, 5), (35, 2), (126, 4)]",11,02/03/2022 01:15:16
Cust00012,01/03/2022 08:04:50,"[(184, 2), (186, 4)]",6,01/03/2022 11:15:14
Cust00013,01/03/2022 08:05:38,"[(166, 4), (85, 2)]",6,01/03/2022 12:58:53
Cust00014,01/03/2022 08:06:18,"[(158, 1), (159, 4), (135, 1), (344, 3)]",9,01/03/2022 19:02:06
Cust00015,01/03/2022 08:06:24,"[(19, 1), (166, 9), (1, 2), (49, 1)]",13,01/03/2022 14:09:28
Cust00016,01/03/2022 08:06:56,"[(82, 2), (148, 2)]",4,01/03/2022 13:49:11
Cust00017,01/03/2022 08:07:14,"[(141, 9)]",9,01/03/2022 11:25:02
Cust00018,01/03/2022 08:07:49,"[(76, 2), (86, 3), (137, 3)]",8,01/03/2022 14:34:11
Cust00019,01/03/2022 08:07:57,"[(170, 3)]",3,01/03/2022 21:05:34
Cust00020,01/03/2022 08:08:11,"[(3, 2), (45, 3), (364, 1)]",6,01/03/2022 14:38:45
Cust00021,01/03/2022 08:08:23,"[(280, 3), (171, 3)]",6,01/03/2022 16:18:02
Cust00022,01/03/2022 08:09:06,"[(134, 2), (315, 3), (10, 7)]",12,01/03/2022 14:05:20
Cust00023,01/03/2022 08:09:30,"[(147, 1), (9, 1), (76, 1)]",3,02/03/2022 02:13:43
Cust00024,01/03/2022 08:10:23,"[(288, 3), (9, 4), (316, 4)]",11,01/03/2022 12:11:42
Cust00025,01/03/2022 08:10:32,"[(3, 2)]",2,01/03/2022 19:46:06
Cust00026,01/03/2022 08:10:46,"[(132, 2), (29, 3)]",5,01/03/2022 11:52:26
Cust00027,01/03/2022 08:11:01,"[(155, 2)]",2,01/03/2022 22:49:56
Cust00028,01/03/2022 08:11:22,"[(148, 2), (148, 1)]",3,01/03/2022 14:42:55
Cust00029,01/03/2022 08:11:48,"[(21, 1), (46, 3)]",4,01/03/2022 12:01:10
Cust00030,01/03/2022 08:11:56,"[(18, 3), (109, 4)]",7,01/03/2022 18:26:24
Cust00031,01/03/2022 08:13:17,"[(210, 2)]",2,01/03/2022 11:43:46
Cust00032,01/03/2022 08:16:36,"[(48, 3), (39, 2)]",5,01/03/2022 12:52:33
Cust00033,01/03/2022 08:17:40,"[(76, 4), (176, 2), (66, 3), (168, 2)]",11,01/03/2022 11:25:59
Cust00034,01/03/2022 08:17:46,"[(16, 1)]",1,01/03/2022 13:55:08
Cust00035,01/03/2022 08:18:38,"[(99, 4)]",4,02/03/2022 05:00:17
Cust00036,01/03/2022 08:18:50,"[(69, 1)]",1,01/03/2022 13:17:25
Cust00037,01/03/2022 08:18:52,"[(38, 3), (76, 3), (88, 7)]",13,01/03/2022 12:47:54
Cust00038,01/03/2022 08:19:30,"[(139, 3), (69, 4), (144, 3), (67, 3)]",13,01/03/2022 15:37:36
Cust00039,01/03/2022 08:20:54,"[(31, 3)]",3,01/03/2022 12:34:21
Cust00040,01/03/2022 08:21:52,"[(24, 3), (117, 2)]",5,01/03/2022 12:15:20
Cust00041,01/03/2022 08:22:41,"[(13, 2), (108, 1), (70, 4)]",7,01/03/2022 15:53:33
Cust00042,01/03/2022 08:23:17,"[(161, 1), (13, 3), (274, 2), (30, 3), (197, 3), (44, 1), (46, 4), (110, 1)]",18,01/03/2022 13:30:00
Cust00043,01/03/2022 08:23:22,"[(96, 3), (101, 4), (66, 2)]",9,01/03/2022 11:33:12
Cust00044,01/03/2022 08:24:17,"[(41, 2), (66, 1)]",3,01/03/2022 12:07:31
Cust00045,01/03/2022 08:24:37,"[(117, 3), (33, 4), (55, 2), (367, 4)]",13,01/03/2022 11:43:04
Cust00046,01/03/2022 08:25:14,"[(109, 2), (84, 2)]",4,01/03/2022 16:36:41
Cust00047,01/03/2022 08:25:25,"[(70, 3)]",3,01/03/2022 14:35:41
Cust00048,01/03/2022 08:25:31,"[(82, 2), (162, 3), (19, 3), (72, 3)]",11,02/03/2022 00:33:45
Cust00049,01/03/2022 08:26:32,"[(297, 1), (17, 2)]",3,01/03/2022 16:01:23
Cust00050,01/03/2022 08:27:33,"[(119, 1)]",1,01/03/2022 14:17:33
Cust00051,01/03/2022 08:27:36,"[(180, 1), (61, 3), (65, 2), (260, 8), (16, 7), (20, 1), (2, 1)]",23,01/03/2022 14:04:49
Cust00052,01/03/2022 08:28:49,"[(102, 3), (15, 2), (3, 3)]",8,01/03/2022 11:30:06
Cust00053,01/03/2022 08:28:50,"[(344, 4), (174, 3), (36, 1), (19, 4), (76, 3), (142, 3), (8, 1)]",19,01/03/2022 14:44:54
Cust00054,01/03/2022 08:28:54,"[(24, 2), (76, 1), (91, 3), (71, 1)]",7,01/03/2022 12:28:01
Cust00055,01/03/2022 08:29:22,"[(186, 1), (313, 4), (72, 4)]",9,01/03/2022 17:30:26
Cust00056,01/03/2022 08:29:43,"[(215, 3), (81, 1), (55, 1), (58, 3), (71, 3), (47, 1), (65, 3), (30, 1), (218, 1), (43, 7)]",24,01/03/2022 19:00:09
Cust00057,01/03/2022 08:29:54,"[(55, 2)]",2,01/03/2022 19:14:28
Cust00058,01/03/2022 08:29:57,"[(112, 1), (98, 3), (84, 2), (56, 8)]",14,01/03/2022 13:10:43
Cust00059,01/03/2022 08:30:03,"[(66, 3), (227, 4), (110, 2), (282, 1), (97, 3), (224, 4), (330, 3), (64, 1), (105, 4), (86, 2)]",27,01/03/2022 22:20:04
Cust00060,01/03/2022 08:31:20,"[(2, 1), (42, 1), (149, 9), (174, 4), (355, 4), (46, 3), (120, 2)]",24,01/03/2022 16:45:52
Cust00061,01/03/2022 08:31:32,"[(34, 1)]",1,01/03/2022 14:57:52
Cust00062,01/03/2022 08:31:39,"[(296, 1), (102, 3)]",4,01/03/2022 12:40:20
Cust00063,01/03/2022 08:33:09,"[(256, 1)]",1,01/03/2022 18:32:15
Cust00064,01/03/2022 08:33:43,"[(70, 1), (163, 1), (107, 4)]",6,01/03/2022 12:43:05
Cust00065,01/03/2022 08:33:57,"[(42, 1), (81, 3)]",4,01/03/2022 13:16:25
Cust00066,01/03/2022 08:34:01,"[(188, 1), (57, 1)]",2,01/03/2022 13:31:14
Cust00067,01/03/2022 08:34:24,"[(34, 2)]",2,01/03/2022 13:46:23
Cust00068,01/03/2022 08:34:39,"[(312, 3), (335, 1), (296, 2)]",6,01/03/2022 12:50:24
Cust00069,01/03/2022 08:34:41,"[(10, 4), (6, 3), (63, 9)]",16,02/03/2022 11:06:09
Cust00070,01/03/2022 08:34:42,"[(18, 4), (257, 7), (141, 3), (34, 1)]",15,01/03/2022 14:05:32
Cust00071,01/03/2022 08:34:43,"[(67, 6), (286, 4), (50, 1), (220, 3), (42, 1), (103, 3), (30, 2)]",20,01/03/2022 13:39:28
Cust00072,01/03/2022 08:35:34,"[(65, 4), (136, 1)]",5,01/03/2022 12:23:50
Cust00073,01/03/2022 08:36:26,"[(67, 2)]",2,01/03/2022 14:38:06
Cust00074,01/03/2022 08:37:16,"[(1, 4)]",4,01/03/2022 12:01:15
Cust00075,01/03/2022 08:37:48,"[(54, 4), (111, 1), (141, 1)]",6,01/03/2022 12:22:23
Cust00076,01/03/2022 08:38:20,"[(16, 4)]",4,01/03/2022 14:05:19
Cust00077,01/03/2022 08:38:43,"[(39, 2), (21, 2), (138, 1)]",5,01/03/2022 15:42:00
Cust00078,01/03/2022 08:38:45,"[(256, 4), (205, 1)]",5,01/03/2022 12:59:14
Cust00079,01/03/2022 08:38:47,"[(97, 8), (143, 3)]",11,01/03/2022 13:44:16
Cust00080,01/03/2022 08:39:09,"[(125, 1), (81, 3), (98, 1)]",5,01/03/2022 12:47:51
Cust00081,01/03/2022 08:39:27,"[(3, 2), (27, 3), (42, 3), (349, 2), (160, 2), (123, 3)]",15,01/03/2022 14:51:55
Cust00082,01/03/2022 08:39:57,"[(11, 2), (36, 1), (164, 2)]",5,01/03/2022 20:29:00
Cust00083,01/03/2022 08:39:59,"[(12, 3), (51, 4), (73, 3)]",10,01/03/2022 14:59:49
Cust00084,01/03/2022 08:40:04,"[(104, 1), (90, 3), (125, 4), (40, 1)]",9,01/03/2022 11:40:57
Cust00085,01/03/2022 08:40:23,"[(18, 1)]",1,01/03/2022 11:58:35
Cust00086,01/03/2022 08:40:40,"[(314, 1), (344, 1)]",2,01/03/2022 14:02:20
Cust00087,01/03/2022 08:40:52,"[(264, 1)]",1,01/03/2022 12:55:07
Cust00088,01/03/2022 08:41:07,"[(280, 1)]",1,01/03/2022 12:05:26
Cust00089,01/03/2022 08:41:13,"[(29, 1), (121, 1)]",2,01/03/2022 14:15:03
Cust00090,01/03/2022 08:42:13,"[(21, 3), (170, 3)]",6,01/03/2022 12:35:15
Cust00091,01/03/2022 08:42:26,"[(103, 4)]",4,01/03/2022 13:51:24
Cust00092,01/03/2022 08:42:38,"[(168, 3)]",3,01/03/2022 15:14:48
Cust00093,01/03/2022 08:43:08,"[(6, 9)]",9,01/03/2022 16:45:30
Cust00094,01/03/2022 08:43:21,"[(184, 2)]",2,01/03/2022 14:59:46
Cust00095,01/03/2022 08:43:25,"[(8, 4), (241, 4)]",8,01/03/2022 12:21:10
Cust00096,01/03/2022 08:43:30,"[(55, 4)]",4,01/03/2022 13:10:05
Cust00097,01/03/2022 08:43:30,"[(7, 2), (8, 2), (178, 1), (5, 1), (44, 5), (74, 5), (3, 3), (51, 3)]",22,01/03/2022 15:58:52
Cust00098,01/03/2022 08:43:32,"[(18, 10)]",10,01/03/2022 12:43:45
Cust00099,01/03/2022 08:43:45,"[(123, 1)]",1,01/03/2022 16:53:13
Cust00100,01/03/2022 08:44:51,"[(37, 1), (87, 3), (299, 3), (137, 2)]",9,01/03/2022 12:34:01
Cust00101,01/03/2022 08:45:51,"[(122, 1), (40, 3), (4, 4), (225, 3)]",11,01/03/2022 14:29:50
Cust00102,01/03/2022 08:45:55,"[(271, 2), (378, 4)]",6,02/03/2022 15:12:16
Cust00103,01/03/2022 08:46:19,"[(24, 2), (83, 2)]",4,01/03/2022 16:47:16
Cust00104,01/03/2022 08:47:43,"[(171, 2), (191, 8)]",10,01/03/2022 19:25:39
Cust00105,01/03/2022 08:47:57,"[(131, 1)]",1,01/03/2022 17:05:21
Cust00106,01/03/2022 08:48:04,"[(19, 1), (336, 6)]",7,01/03/2022 14:30:26
Cust00107,01/03/2022 08:48:59,"[(24, 3), (38, 1), (262, 2), (241, 4), (52, 1), (109, 1), (18, 4), (157, 2), (129, 2), (193, 2)]",22,01/03/2022 14:08:37
Cust00108,01/03/2022 08:49:01,"[(25, 2), (224, 2), (159, 3)]",7,01/03/2022 14:18:16
Cust00109,01/03/2022 08:49:19,"[(93, 4), (69, 3), (115, 3), (67, 2), (35, 10), (184, 6)]",28,01/03/2022 22:18:21
Cust00110,01/03/2022 08:50:40,"[(10, 2), (364, 3)]",5,02/03/2022 06:28:46
Cust00111,01/03/2022 08:50:47,"[(10, 1)]",1,01/03/2022 16:59:22
Cust00112,01/03/2022 08:51:45,"[(51, 3), (104, 2), (104, 4), (37, 1), (3, 1), (74, 2), (64, 1), (169, 5), (100, 1)]",20,01/03/2022 13:15:28
Cust00113,01/03/2022 08:52:14,"[(83, 1), (124, 1), (229, 3)]",5,01/03/2022 18:13:10
Cust00114,01/03/2022 08:52:49,"[(143, 3), (56, 2)]",5,01/03/2022 14:26:54
Cust00115,01/03/2022 08:53:25,"[(277, 4)]",4,01/03/2022 23:49:29
Cust00116,01/03/2022 08:53:55,"[(99, 1), (90, 1), (164, 2)]",4,01/03/2022 14:35:59
Cust00117,01/03/2022 08:54:14,"[(167, 1), (107, 6)]",7,01/03/2022 23:07:59
Cust00118,01/03/2022 08:54:48,"[(26, 2), (205, 1)]",3,01/03/2022 11:56:38
Cust00119,01/03/2022 08:56:09,"[(184, 1), (43, 2), (52, 4)]",7,02/03/2022 03:07:42
Cust00120,01/03/2022 08:56:25,"[(165, 2), (147, 3), (140, 2), (117, 2)]",9,01/03/2022 12:38:02
Cust00121,01/03/2022 08:56:49,"[(44, 1)]",1,01/03/2022 21:00:54
Cust00122,01/03/2022 08:57:05,"[(50, 1), (226, 1)]",2,01/03/2022 18:50:46
Cust00123,01/03/2022 08:57:56,"[(57, 1), (85, 5), (72, 2), (135, 1), (195, 1), (77, 2), (221, 2)]",14,01/03/2022 15:00:58
Cust00124,01/03/2022 08:58:43,"[(190, 2)]",2,01/03/2022 13:49:13
Cust00125,01/03/2022 08:59:02,"[(97, 4), (271, 3), (2, 2)]",9,01/03/2022 13:10:21
Cust00126,01/03/2022 08:59:52,"[(160, 4), (11, 2), (165, 2)]",8,01/03/2022 21:35:30
Cust00127,01/03/2022 09:00:03,"[(46, 4), (46, 4), (181, 2), (86, 2)]",12,01/03/2022 16:51:04
Cust00128,01/03/2022 09:00:57,"[(87, 3)]",3,01/03/2022 12:12:18
Cust00129,01/03/2022 09:01:12,"[(108, 4), (345, 1), (196, 2)]",7,01/03/2022 14:20:25
Cust00130,01/03/2022 09:01:56,"[(203, 4)]",4,01/03/2022 18:56:06
Cust00131,01/03/2022 09:02:24,"[(24, 3)]",3,01/03/2022 15:26:51
Cust00132,01/03/2022 09:02:31,"[(9, 3)]",3,01/03/2022 19:58:41
Cust00133,01/03/2022 09:03:29,"[(303, 3)]",3,01/03/2022 15:40:26
Cust00134,01/03/2022 09:03:43,"[(10, 4)]",4,01/03/2022 15:52:16
Cust00135,01/03/2022 09:04:32,"[(207, 9), (157, 3), (65, 8), (93, 3)]",23,01/03/2022 12:40:35
Cust00136,01/03/2022 09:05:01,"[(108, 3)]",3,01/03/2022 13:55:11
Cust00137,01/03/2022 09:05:28,"[(9, 1)]",1,01/03/2022 12:48:36
Cust00138,01/03/2022 09:05:34,"[(109, 1)]",1,01/03/2022 13:45:17
Cust00139,01/03/2022 09:05:41,"[(74, 3)]",3,01/03/2022 21:27:04
Cust00140,01/03/2022 09:06:27,"[(129, 4), (94, 3)]",7,02/03/2022 01:25:34
Cust00141,01/03/2022 09:06:53,"[(54, 4), (92, 2)]",6,01/03/2022 12:30:21
Cust00142,01/03/2022 09:06:57,"[(61, 3), (11, 1), (97, 1)]",5,01/03/2022 16:46:56
Cust00143,01/03/2022 09:07:46,"[(235, 1)]",1,01/03/2022 15:44:17
Cust00144,01/03/2022 09:07:54,"[(198, 3)]",3,01/03/2022 14:29:55
Cust00145,01/03/2022 09:08:12,"[(284, 3), (215, 1)]",4,01/03/2022 16:23:02
Cust00146,01/03/2022 09:08:23,"[(5, 1)]",1,01/03/2022 14:32:59
Cust00147,01/03/2022 09:08:24,"[(171, 4), (19, 2)]",6,01/03/2022 13:15:34
Cust00148,01/03/2022 09:08:25,"[(8, 3), (16, 4)]",7,01/03/2022 20:57:48
Cust00149,01/03/2022 09:08:48,"[(177, 3)]",3,01/03/2022 13:22:55
Cust00150,01/03/2022 09:08:52,"[(79, 1), (118, 4), (129, 2)]",7,01/03/2022 12:53:13
Cust00151,01/03/2022 09:08:53,"[(166, 1), (90, 2)]",3,01/03/2022 14:18:21
Cust00152,01/03/2022 09:09:25,"[(11, 2), (97, 2)]",4,01/03/2022 14:28:06
Cust00153,01/03/2022 09:10:05,"[(199, 3), (47, 2), (334, 2), (48, 1)]",8,01/03/2022 14:18:21
Cust00154,01/03/2022 09:10:13,"[(230, 1)]",1,01/03/2022 14:14:23
Cust00155,01/03/2022 09:11:07,"[(45, 3), (72, 3)]",6,01/03/2022 17:19:59
Cust00156,01/03/2022 09:11:26,"[(62, 1), (12, 2), (57, 4), (108, 1)]",8,01/03/2022 12:30:43
Cust00157,01/03/2022 09:12:34,"[(31, 4), (48, 2), (181, 1)]",7,01/03/2022 18:04:38
Cust00158,01/03/2022 09:13:16,"[(121, 2), (137, 1), (31, 1)]",4,01/03/2022 13:35:19
Cust00159,01/03/2022 09:14:06,"[(50, 1)]",1,01/03/2022 12:18:13
Cust00160,01/03/2022 09:16:00,"[(50, 4)]",4,01/03/2022 14:54:01
Cust00161,01/03/2022 09:16:08,"[(43, 3)]",3,01/03/2022 13:20:21
Cust00162,01/03/2022 09:16:11,"[(320, 4)]",4,01/03/2022 23:41:40
Cust00163,01/03/2022 09:16:34,"[(263, 2), (105, 4), (161, 3), (156, 3), (86, 9), (4, 4), (160, 2), (42, 3), (70, 1)]",31,01/03/2022 22:03:14
Cust00164,01/03/2022 09:16:49,"[(76, 3)]",3,01/03/2022 13:41:57
Cust00165,01/03/2022 09:19:26,"[(95, 1), (148, 1)]",2,01/03/2022 12:32:59
Cust00166,01/03/2022 09:20:28,"[(273, 3)]",3,01/03/2022 13:09:50
Cust00167,01/03/2022 09:21:26,"[(29, 2), (104, 2), (206, 1), (32, 10)]",15,01/03/2022 20:05:26
Cust00168,01/03/2022 09:21:37,"[(216, 8), (86, 2)]",10,01/03/2022 13:54:33
Cust00169,01/03/2022 09:21:38,"[(143, 2), (229, 3)]",5,01/03/2022 14:19:31
Cust00170,01/03/2022 09:21:41,"[(113, 2), (123, 5), (45, 4), (99, 3)]",14,01/03/2022 13:39:33
Cust00171,01/03/2022 09:22:21,"[(50, 3), (5, 2), (163, 9), (29, 1)]",15,01/03/2022 14:24:57
Cust00172,01/03/2022 09:22:53,"[(21, 1)]",1,01/03/2022 17:28:15
Cust00173,01/03/2022 09:22:59,"[(139, 3), (114, 7), (71, 10), (80, 4)]",24,01/03/2022 16:04:33
Cust00174,01/03/2022 09:23:13,"[(68, 2), (263, 2)]",4,01/03/2022 12:53:46
Cust00175,01/03/2022 09:23:36,"[(19, 4), (34, 1), (160, 4)]",9,01/03/2022 15:15:46
Cust00176,01/03/2022 09:25:38,"[(335, 1)]",1,02/03/2022 00:46:17
Cust00177,01/03/2022 09:25:52,"[(207, 2)]",2,01/03/2022 13:13:52
Cust00178,01/03/2022 09:26:08,"[(53, 3)]",3,01/03/2022 16:53:22
Cust00179,01/03/2022 09:26:29,"[(185, 4), (25, 3), (135, 1), (188, 1)]",9,01/03/2022 13:52:13
Cust00180,01/03/2022 09:27:40,"[(57, 3)]",3,01/03/2022 15:09:51
Cust00181,01/03/2022 09:28:37,"[(238, 1), (98, 2), (170, 1)]",4,01/03/2022 19:40:11
Cust00182,01/03/2022 09:30:07,"[(31, 2), (69, 4)]",6,01/03/2022 13:31:50
Cust00183,01/03/2022 09:30:58,"[(7, 2)]",2,01/03/2022 17:08:30
Cust00184,01/03/2022 09:31:15,"[(83, 2), (157, 3)]",5,01/03/2022 17:43:12
Cust00185,01/03/2022 09:32:09,"[(35, 2)]",2,01/03/2022 21:17:30
Cust00186,01/03/2022 09:32:38,"[(14, 3), (199, 4), (128, 1)]",8,01/03/2022 14:57:52
Cust00187,01/03/2022 09:33:12,"[(101, 2)]",2,01/03/2022 16:58:11
Cust00188,01/03/2022 09:33:19,"[(68, 1), (344, 4), (88, 2), (41, 2)]",9,01/03/2022 22:28:48
Cust00189,01/03/2022 09:33:37,"[(116, 1), (161, 1), (234, 4)]",6,01/03/2022 14:13:58
Cust00190,01/03/2022 09:34:16,"[(123, 1), (331, 2)]",3,01/03/2022 14:27:47
Cust00191,01/03/2022 09:34:25,"[(21, 2)]",2,01/03/2022 23:22:45
Cust00192,01/03/2022 09:34:54,"[(91, 2), (26, 3), (302, 4)]",9,02/03/2022 05:02:38
Cust00193,01/03/2022 09:35:11,"[(200, 1), (168, 2), (141, 3)]",6,01/03/2022 19:41:58
Cust00194,01/03/2022 09:35:40,"[(59, 1)]",1,01/03/2022 16:38:25
Cust00195,01/03/2022 09:35:56,"[(7, 2)]",2,01/03/2022 22:14:16
Cust00196,01/03/2022 09:35:56,"[(100, 4)]",4,01/03/2022 13:16:21
Cust00197,01/03/2022 09:36:14,"[(82, 4)]",4,01/03/2022 19:05:47
Cust00198,01/03/2022 09:36:32,"[(202, 2), (288, 1), (152, 1)]",4,01/03/2022 13:35:38
Cust00199,01/03/2022 09:36:35,"[(17, 2), (38, 1), (32, 2), (109, 2)]",7,01/03/2022 15:22:14
Cust00200,01/03/2022 09:36:40,"[(110, 1), (98, 5), (69, 1), (51, 4)]",11,01/03/2022 13:57:08
Cust00201,01/03/2022 09:37:21,"[(137, 3), (50, 1)]",4,01/03/2022 14:45:15
Cust00202,01/03/2022 09:37:38,"[(11, 1), (131, 3), (55, 2), (35, 2)]",8,01/03/2022 16:54:38
Cust00203,01/03/2022 09:37:47,"[(247, 1)]",1,01/03/2022 14:33:19
Cust00204,01/03/2022 09:38:00,"[(164, 4), (152, 1), (10, 2)]",7,01/03/2022 14:09:55
Cust00205,01/03/2022 09:38:09,"[(162, 6), (73, 1), (71, 1), (85, 1), (67, 6)]",15,01/03/2022 22:59:02
Cust00206,01/03/2022 09:38:15,"[(339, 1), (78, 3), (38, 2)]",6,01/03/2022 16:31:10
Cust00207,01/03/2022 09:38:24,"[(360, 1), (8, 6), (228, 8), (198, 1), (166, 4), (55, 2), (77, 3), (137, 1), (8, 2), (179, 3)]",31,01/03/2022 12:53:31
Cust00208,01/03/2022 09:38:37,"[(7, 4), (306, 5), (109, 3), (76, 4)]",16,01/03/2022 15:51:56
Cust00209,01/03/2022 09:38:44,"[(123, 3), (185, 3)]",6,01/03/2022 13:27:57
Cust00210,01/03/2022 09:39:12,"[(208, 3), (26, 4), (14, 4)]",11,01/03/2022 14:02:55
Cust00211,01/03/2022 09:39:27,"[(10, 1), (69, 1), (21, 2)]",4,01/03/2022 12:45:58
Cust00212,01/03/2022 09:39:35,"[(29, 3), (120, 4)]",7,01/03/2022 15:21:12
Cust00213,01/03/2022 09:40:57,"[(59, 2)]",2,02/03/2022 03:46:22
Cust00214,01/03/2022 09:41:49,"[(119, 2), (156, 2), (89, 3), (129, 3)]",10,01/03/2022 15:39:08
Cust00215,01/03/2022 09:43:07,"[(242, 1), (269, 4), (17, 4)]",9,01/03/2022 13:36:38
Cust00216,01/03/2022 09:43:24,"[(11, 1), (66, 4), (89, 2), (158, 3)]",10,01/03/2022 12:59:01
Cust00217,01/03/2022 09:44:08,"[(43, 2), (227, 3), (91, 2)]",7,01/03/2022 13:40:42
Cust00218,01/03/2022 09:45:20,"[(239, 4), (335, 1)]",5,01/03/2022 13:36:26
Cust00219,01/03/2022 09:45:21,"[(87, 3)]",3,01/03/2022 12:47:27
Cust00220,01/03/2022 09:45:25,"[(143, 2), (34, 1), (151, 3)]",6,01/03/2022 23:11:27
Cust00221,01/03/2022 09:45:58,"[(171, 1)]",1,01/03/2022 14:17:07
Cust00222,01/03/2022 09:46:23,"[(131, 2), (39, 1), (310, 4)]",7,01/03/2022 14:38:23
Cust00223,01/03/2022 09:46:54,"[(72, 1), (4, 3)]",4,01/03/2022 13:34:13
Cust00224,01/03/2022 09:47:21,"[(37, 4), (293, 1)]",5,01/03/2022 15:07:31
Cust00225,01/03/2022 09:47:45,"[(54, 2), (373, 10), (27, 2), (79, 4)]",18,01/03/2022 14:30:50
Cust00226,01/03/2022 09:48:11,"[(137, 3), (93, 1)]",4,01/03/2022 13:37:25
Cust00227,01/03/2022 09:50:24,"[(44, 1), (262, 1), (142, 2), (154, 1)]",5,01/03/2022 14:45:50
Cust00228,01/03/2022 09:50:45,"[(189, 2), (55, 3), (273, 1), (54, 9)]",15,01/03/2022 13:31:54
Cust00229,01/03/2022 09:51:53,"[(141, 3), (39, 1), (72, 1), (227, 1), (315, 1), (25, 1), (182, 3), (21, 2), (38, 4), (274, 1)]",18,02/03/2022 01:31:42
Cust00230,01/03/2022 09:52:37,"[(15, 3)]",3,01/03/2022 15:15:28
Cust00231,01/03/2022 09:53:04,"[(87, 2), (165, 1), (124, 4), (136, 3)]",10,01/03/2022 13:39:37
Cust00232,01/03/2022 09:53:28,"[(32, 1)]",1,01/03/2022 15:28:49
Cust00233,01/03/2022 09:53:56,"[(136, 2), (169, 2)]",4,01/03/2022 15:08:59
Cust00234,01/03/2022 09:54:02,"[(8, 1), (74, 1)]",2,01/03/2022 17:06:44
Cust00235,01/03/2022 09:54:45,"[(42, 1)]",1,01/03/2022 20:43:55
Cust00236,01/03/2022 09:54:52,"[(34, 1), (1, 10)]",11,01/03/2022 17:07:46
Cust00237,01/03/2022 09:55:21,"[(156, 1), (28, 3)]",4,01/03/2022 16:22:27
Cust00238,01/03/2022 09:56:04,"[(264, 2), (115, 4), (143, 6)]",12,01/03/2022 15:26:45
Cust00239,01/03/2022 09:56:41,"[(41, 1), (66, 1), (350, 1), (336, 1), (139, 2), (282, 3), (70, 2), (237, 4), (32, 4)]",19,01/03/2022 16:11:21
Cust00240,01/03/2022 09:56:50,"[(9, 7), (97, 2), (203, 1)]",10,01/03/2022 18:51:49
Cust00241,01/03/2022 09:58:38,"[(159, 2), (9, 2)]",4,01/03/2022 16:37:11
Cust00242,01/03/2022 09:58:42,"[(100, 1), (76, 3)]",4,01/03/2022 15:18:59
Cust00243,01/03/2022 09:59:29,"[(50, 3), (283, 2), (95, 2)]",7,01/03/2022 15:57:50
Cust00244,01/03/2022 09:59:32,"[(78, 2), (12, 2)]",4,01/03/2022 13:05:52
Cust00245,01/03/2022 09:59:33,"[(303, 2), (8, 3), (3, 1)]",6,01/03/2022 14:38:51
Cust00246,01/03/2022 10:00:25,"[(64, 1), (181, 3)]",4,01/03/2022 14:33:59
Cust00247,01/03/2022 10:01:18,"[(11, 2), (30, 1), (29, 2), (25, 1), (53, 4), (333, 3)]",13,01/03/2022 19:08:52
Cust00248,01/03/2022 10:01:26,"[(1, 1)]",1,01/03/2022 22:25:18
Cust00249,01/03/2022 10:01:32,"[(66, 1)]",1,01/03/2022 14:42:42
Cust00250,01/03/2022 10:01:50,"[(258, 5), (177, 2)]",7,01/03/2022 17:06:32
Cust00251,01/03/2022 10:03:16,"[(69, 2)]",2,01/03/2022 15:45:53
Cust00252,01/03/2022 10:04:13,"[(20, 2), (49, 4), (10, 1), (209, 2), (102, 1), (78, 2)]",12,01/03/2022 15:15:38
Cust00253,01/03/2022 10:04:30,"[(131, 1), (49, 4)]",5,01/03/2022 14:24:24
Cust00254,01/03/2022 10:04:41,"[(8, 3), (27, 2), (119, 2), (156, 1), (153, 1), (70, 3), (171, 2)]",14,01/03/2022 13:05:10
Cust00255,01/03/2022 10:05:06,"[(229, 1), (293, 2), (41, 1), (47, 1)]",5,01/03/2022 14:56:13
Cust00256,01/03/2022 10:05:40,"[(150, 2), (212, 2)]",4,01/03/2022 22:08:26
Cust00257,01/03/2022 10:06:20,"[(78, 1), (6, 1), (272, 6), (61, 4)]",12,01/03/2022 13:59:38
Cust00258,01/03/2022 10:06:29,"[(14, 1)]",1,01/03/2022 14:09:25
Cust00259,01/03/2022 10:07:27,"[(276, 3)]",3,01/03/2022 23:50:54
Cust00260,01/03/2022 10:08:44,"[(67, 1), (39, 3), (77, 1)]",5,02/03/2022 06:24:37
Cust00261,01/03/2022 10:11:00,"[(268, 1), (260, 4), (13, 4)]",9,01/03/2022 14:32:01
Cust00262,01/03/2022 10:11:04,"[(348, 3), (12, 1), (245, 4)]",8,01/03/2022 15:49:39
Cust00263,01/03/2022 10:11:13,"[(42, 4), (325, 1)]",5,01/03/2022 13:18:07
Cust00264,01/03/2022 10:11:34,"[(40, 1), (40, 2), (208, 4), (203, 1), (122, 1), (102, 7), (154, 2), (28, 1), (109, 1), (204, 2)]",22,01/03/2022 18:04:29
Cust00265,01/03/2022 10:12:49,"[(26, 2), (3, 2)]",4,01/03/2022 18:54:04
Cust00266,01/03/2022 10:13:30,"[(103, 2), (20, 1), (75, 1)]",4,01/03/2022 20:07:50
Cust00267,01/03/2022 10:13:54,"[(42, 1)]",1,02/03/2022 01:12:43
Cust00268,01/03/2022 10:15:07,"[(161, 4), (128, 1)]",5,01/03/2022 16:24:12
Cust00269,01/03/2022 10:16:06,"[(52, 3)]",3,01/03/2022 13:38:06
Cust00270,01/03/2022 10:16:42,"[(316, 2), (242, 2), (122, 1)]",5,01/03/2022 20:50:11
Cust00271,01/03/2022 10:16:45,"[(193, 1)]",1,01/03/2022 17:18:46
Cust00272,01/03/2022 10:16:51,"[(190, 1), (234, 1)]",2,01/03/2022 13:19:23
Cust00273,01/03/2022 10:17:07,"[(302, 2), (103, 2), (15, 3)]",7,01/03/2022 16:44:09
Cust00274,01/03/2022 10:17:34,"[(143, 4)]",4,01/03/2022 18:35:31
Cust00275,01/03/2022 10:17:37,"[(66, 1), (58, 2)]",3,01/03/2022 19:21:42
Cust00276,01/03/2022 10:17:44,"[(13, 2), (142, 2), (248, 3)]",7,01/03/2022 15:34:34
Cust00277,01/03/2022 10:18:17,"[(12, 1), (179, 2), (199, 3), (315, 1)]",7,01/03/2022 13:50:50
Cust00278,01/03/2022 10:18:56,"[(189, 4)]",4,01/03/2022 15:37:26
Cust00279,01/03/2022 10:19:26,"[(76, 10)]",10,01/03/2022 15:07:18
Cust00280,01/03/2022 10:20:18,"[(208, 4), (97, 1)]",5,02/03/2022 02:23:30
Cust00281,01/03/2022 10:20:39,"[(303, 2), (28, 3)]",5,01/03/2022 16:13:16
Cust00282,01/03/2022 10:21:07,"[(16, 1), (126, 2), (219, 2)]",5,01/03/2022 15:32:12
Cust00283,01/03/2022 10:21:23,"[(1, 4)]",4,02/03/2022 00:35:44
Cust00284,01/03/2022 10:21:32,"[(132, 1)]",1,01/03/2022 18:07:15
Cust00285,01/03/2022 10:21:57,"[(199, 2), (110, 2), (176, 2), (98, 3)]",9,01/03/2022 15:42:48
Cust00286,01/03/2022 10:22:03,"[(97, 1), (189, 4)]",5,01/03/2022 13:39:03
Cust00287,01/03/2022 10:22:19,"[(77, 10)]",10,01/03/2022 17:57:05
Cust00288,01/03/2022 10:22:21,"[(61, 4)]",4,01/03/2022 13:26:32
Cust00289,01/03/2022 10:24:05,"[(15, 7), (49, 3), (205, 3), (60, 1)]",14,02/03/2022 10:15:33
Cust00290,01/03/2022 10:24:15,"[(207, 2)]",2,01/03/2022 16:07:49
Cust00291,01/03/2022 10:24:55,"[(97, 3), (32, 1), (108, 2), (31, 4)]",10,01/03/2022 14:12:15
Cust00292,01/03/2022 10:26:28,"[(61, 2), (114, 3), (127, 1), (69, 4)]",10,02/03/2022 05:30:55
Cust00293,01/03/2022 10:27:04,"[(156, 1), (50, 3), (233, 3)]",7,01/03/2022 15:53:56
Cust00294,01/03/2022 10:27:13,"[(222, 1), (91, 4), (201, 4), (12, 3)]",12,01/03/2022 19:06:20
Cust00295,01/03/2022 10:27:56,"[(89, 4), (334, 1)]",5,01/03/2022 21:56:00
Cust00296,01/03/2022 10:28:01,"[(10, 1), (309, 2), (269, 4), (129, 3)]",10,01/03/2022 14:53:05
Cust00297,01/03/2022 10:28:44,"[(38, 4)]",4,01/03/2022 14:46:21
Cust00298,01/03/2022 10:29:12,"[(109, 3), (132, 1)]",4,01/03/2022 21:41:22
Cust00299,01/03/2022 10:30:04,"[(11, 1)]",1,01/03/2022 20:33:57
Cust00300,01/03/2022 10:30:46,"[(95, 1)]",1,01/03/2022 15:10:50
Cust00301,01/03/2022 10:31:02,"[(115, 2)]",2,01/03/2022 18:38:02
Cust00302,01/03/2022 10:32:56,"[(8, 4), (271, 4), (44, 2), (189, 4), (44, 3)]",17,01/03/2022 15:45:32
Cust00303,01/03/2022 10:33:06,"[(168, 6), (85, 3)]",9,01/03/2022 18:17:37
Cust00304,01/03/2022 10:33:18,"[(271, 1)]",1,01/03/2022 18:04:56
Cust00305,01/03/2022 10:33:40,"[(85, 1), (141, 10), (105, 4), (52, 1)]",16,01/03/2022 14:25:37
Cust00306,01/03/2022 10:33:44,"[(58, 1), (27, 3)]",4,01/03/2022 15:30:08
Cust00307,01/03/2022 10:34:40,"[(2, 1)]",1,01/03/2022 13:35:02
Cust00308,01/03/2022 10:34:43,"[(50, 1), (60, 4), (374, 1), (31, 2)]",8,01/03/2022 16:25:39
Cust00309,01/03/2022 10:35:24,"[(343, 1), (171, 4), (32, 4)]",9,01/03/2022 13:37:22
Cust00310,01/03/2022 10:35:25,"[(151, 3), (117, 3), (303, 3), (259, 1)]",10,01/03/2022 14:43:03
Cust00311,01/03/2022 10:35:31,"[(81, 1), (166, 1)]",2,01/03/2022 17:12:59
Cust00312,01/03/2022 10:35:56,"[(297, 1)]",1,01/03/2022 17:04:23
Cust00313,01/03/2022 10:35:58,"[(268, 2), (13, 4), (7, 5), (46, 2), (61, 1), (164, 3), (222, 1), (65, 1), (328, 1)]",20,01/03/2022 14:37:36
Cust00314,01/03/2022 10:36:38,"[(70, 2), (61, 3)]",5,01/03/2022 17:22:37
Cust00315,01/03/2022 10:36:38,"[(41, 1)]",1,01/03/2022 14:30:50
Cust00316,01/03/2022 10:37:30,"[(56, 1), (141, 2), (137, 2), (26, 3)]",8,01/03/2022 17:06:50
Cust00317,01/03/2022 10:38:03,"[(59, 1), (287, 2), (192, 3), (81, 1)]",7,01/03/2022 15:36:59
Cust00318,01/03/2022 10:38:04,"[(9, 1), (294, 2), (123, 9), (172, 4)]",16,01/03/2022 14:16:01
Cust00319,01/03/2022 10:38:24,"[(46, 3), (34, 3)]",6,01/03/2022 14:37:43
Cust00320,01/03/2022 10:38:31,"[(57, 2)]",2,01/03/2022 18:04:57
Cust00321,01/03/2022 10:39:13,"[(9, 10), (31, 4)]",14,01/03/2022 14:24:06
Cust00322,01/03/2022 10:39:24,"[(109, 2)]",2,01/03/2022 15:20:53
Cust00323,01/03/2022 10:39:35,"[(41, 3), (184, 1), (134, 1), (160, 2)]",7,01/03/2022 16:01:01
Cust00324,01/03/2022 10:39:37,"[(112, 4)]",4,01/03/2022 15:26:35
Cust00325,01/03/2022 10:41:37,"[(17, 1), (116, 3)]",4,01/03/2022 17:22:52
Cust00326,01/03/2022 10:41:58,"[(338, 3)]",3,01/03/2022 14:18:31
Cust00327,01/03/2022 10:42:05,"[(67, 3), (115, 2)]",5,01/03/2022 16:27:15
Cust00328,01/03/2022 10:42:38,"[(109, 2), (135, 4), (311, 3)]",9,01/03/2022 15:46:09
Cust00329,01/03/2022 10:42:41,"[(75, 1)]",1,01/03/2022 17:15:01
Cust00330,01/03/2022 10:43:04,"[(248, 1), (86, 2), (68, 3), (101, 1)]",7,01/03/2022 17:29:46
Cust00331,01/03/2022 10:43:38,"[(3, 3)]",3,01/03/2022 15:23:39
Cust00332,01/03/2022 10:43:54,"[(71, 1)]",1,01/03/2022 15:10:35
Cust00333,01/03/2022 10:45:19,"[(30, 3)]",3,01/03/2022 13:59:16
Cust00334,01/03/2022 10:45:54,"[(276, 3)]",3,01/03/2022 21:23:37
Cust00335,01/03/2022 10:46:01,"[(164, 2), (27, 1), (94, 1)]",4,01/03/2022 20:35:33
Cust00336,01/03/2022 10:46:55,"[(87, 1), (108, 1), (272, 4)]",6,01/03/2022 17:35:26
Cust00337,01/03/2022 10:47:07,"[(181, 1), (2, 3), (316, 3), (58, 4), (40, 1), (12, 3), (8, 2)]",17,01/03/2022 17:53:17
Cust00338,01/03/2022 10:47:44,"[(63, 3), (340, 3), (33, 2)]",8,01/03/2022 16:38:27
Cust00339,01/03/2022 10:47:56,"[(66, 3), (30, 3), (265, 2)]",8,01/03/2022 18:18:50
Cust00340,01/03/2022 10:47:58,"[(150, 3), (187, 3), (96, 1), (41, 9), (295, 4), (69, 3), (183, 2)]",25,01/03/2022 16:26:55
Cust00341,01/03/2022 10:48:02,"[(66, 1), (296, 3), (83, 1), (50, 2)]",7,01/03/2022 14:06:14
Cust00342,01/03/2022 10:48:11,"[(102, 3), (48, 10)]",13,01/03/2022 16:11:46
Cust00343,01/03/2022 10:48:37,"[(104, 1), (30, 3)]",4,01/03/2022 14:54:12
Cust00344,01/03/2022 10:49:01,"[(172, 4), (367, 2), (117, 4)]",10,01/03/2022 18:22:40
Cust00345,01/03/2022 10:49:45,"[(265, 3), (43, 3)]",6,01/03/2022 19:23:59
Cust00346,01/03/2022 10:50:05,"[(139, 2), (75, 2)]",4,01/03/2022 14:04:43
Cust00347,01/03/2022 10:50:49,"[(11, 3), (221, 4), (27, 2)]",9,01/03/2022 15:57:00
Cust00348,01/03/2022 10:51:38,"[(25, 4), (69, 4), (279, 3), (352, 4), (29, 2), (26, 2), (30, 2)]",21,01/03/2022 13:58:04
Cust00349,01/03/2022 10:54:11,"[(21, 3)]",3,01/03/2022 18:14:49
Cust00350,01/03/2022 10:55:04,"[(60, 9), (54, 4)]",13,01/03/2022 14:21:05
Cust00351,01/03/2022 10:55:13,"[(307, 4), (204, 2), (130, 4), (1, 4)]",14,01/03/2022 16:59:13
Cust00352,01/03/2022 10:55:15,"[(71, 2)]",2,01/03/2022 14:53:19
Cust00353,01/03/2022 10:55:17,"[(79, 1), (34, 2)]",3,02/03/2022 01:08:40
Cust00354,01/03/2022 10:55:40,"[(1, 1), (12, 2), (111, 10), (14, 2), (100, 2), (11, 3), (139, 1), (23, 4)]",25,02/03/2022 07:20:26
Cust00355,01/03/2022 10:55:49,"[(46, 2), (232, 1)]",3,01/03/2022 16:29:57
Cust00356,01/03/2022 10:56:01,"[(238, 4), (174, 1)]",5,01/03/2022 16:09:00
Cust00357,01/03/2022 10:56:25,"[(96, 1)]",1,01/03/2022 14:20:59
Cust00358,01/03/2022 10:56:57,"[(99, 2)]",2,01/03/2022 17:49:07
Cust00359,01/03/2022 10:57:02,"[(148, 1), (72, 4)]",5,01/03/2022 19:26:05
Cust00360,01/03/2022 10:57:06,"[(57, 2), (160, 2), (7, 8)]",12,01/03/2022 15:14:22
Cust00361,01/03/2022 10:57:11,"[(38, 3)]",3,01/03/2022 19:36:24
Cust00362,01/03/2022 10:57:30,"[(44, 1)]",1,01/03/2022 16:48:14
Cust00363,01/03/2022 10:58:27,"[(3, 1), (5, 4), (20, 2)]",7,01/03/2022 17:06:12
Cust00364,01/03/2022 10:59:44,"[(50, 2)]",2,01/03/2022 22:28:31
Cust00365,01/03/2022 10:59:55,"[(152, 4), (77, 3)]",7,01/03/2022 23:57:16
Cust00366,01/03/2022 11:00:03,"[(1, 10)]",10,01/03/2022 21:04:28
Cust00367,01/03/2022 11:00:23,"[(41, 1), (190, 2), (85, 1), (24, 2), (56, 2), (195, 4)]",12,01/03/2022 16:38:26
Cust00368,01/03/2022 11:00:51,"[(151, 2)]",2,01/03/2022 14:52:55
Cust00369,01/03/2022 11:01:40,"[(114, 2), (162, 3)]",5,01/03/2022 21:09:22
Cust00370,01/03/2022 11:02:37,"[(361, 1), (106, 1), (242, 1), (117, 3)]",6,01/03/2022 14:11:43
Cust00371,01/03/2022 11:03:04,"[(27, 4), (67, 2), (99, 1)]",7,02/03/2022 02:44:27
Cust00372,01/03/2022 11:03:22,"[(204, 2), (175, 3), (127, 3), (282, 2)]",10,01/03/2022 14:44:16
Cust00373,01/03/2022 11:03:32,"[(44, 3), (29, 3), (18, 2), (93, 3), (46, 1), (379, 1), (90, 1), (278, 4), (108, 2), (43, 2)]",22,01/03/2022 18:46:37
Cust00374,01/03/2022 11:03:48,"[(206, 1), (209, 1)]",2,02/03/2022 08:53:11
Cust00375,01/03/2022 11:04:26,"[(152, 2), (97, 1)]",3,02/03/2022 14:09:52
Cust00376,01/03/2022 11:04:47,"[(43, 1), (255, 3), (48, 4), (36, 3)]",11,01/03/2022 17:45:19
Cust00377,01/03/2022 11:04:57,"[(98, 3)]",3,01/03/2022 15:49:15
Cust00378,01/03/2022 11:05:39,"[(40, 2), (226, 2), (113, 2)]",6,01/03/2022 22:47:06
Cust00379,01/03/2022 11:05:58,"[(29, 4)]",4,01/03/2022 14:28:49
Cust00380,01/03/2022 11:07:43,"[(74, 1), (243, 2)]",3,01/03/2022 18:44:21
Cust00381,01/03/2022 11:07:45,"[(15, 3), (140, 4)]",7,01/03/2022 17:51:43
Cust00382,01/03/2022 11:08:17,"[(44, 3)]",3,01/03/2022 20:41:34
Cust00383,01/03/2022 11:08:33,"[(195, 2), (24, 7), (140, 2)]",11,01/03/2022 17:29:06
Cust00384,01/03/2022 11:08:44,"[(138, 1), (133, 1), (35, 2)]",4,01/03/2022 15:35:55
Cust00385,01/03/2022 11:09:12,"[(16, 1), (167, 4)]",5,01/03/2022 20:35:10
Cust00386,01/03/2022 11:09:16,"[(311, 2), (253, 2), (93, 2), (182, 2), (85, 3)]",11,01/03/2022 14:29:37
Cust00387,01/03/2022 11:09:32,"[(69, 1)]",1,01/03/2022 18:09:39
Cust00388,01/03/2022 11:09:37,"[(47, 4), (61, 4), (226, 1), (121, 4)]",13,01/03/2022 19:38:52
Cust00389,01/03/2022 11:10:18,"[(16, 1), (144, 9), (122, 2), (54, 3), (48, 2), (345, 10), (175, 4), (52, 2)]",33,01/03/2022 15:46:10
Cust00390,01/03/2022 11:10:51,"[(140, 1), (95, 1), (31, 2), (207, 3)]",7,02/03/2022 10:13:13
Cust00391,01/03/2022 11:10:51,"[(34, 3), (40, 8), (19, 1), (116, 4)]",16,01/03/2022 15:26:09
Cust00392,01/03/2022 11:10:56,"[(12, 4), (140, 3), (217, 3)]",10,01/03/2022 17:59:21
Cust00393,01/03/2022 11:11:16,"[(17, 3)]",3,01/03/2022 18:46:28
Cust00394,01/03/2022 11:11:22,"[(82, 1), (18, 1), (182, 4)]",6,01/03/2022 15:21:52
Cust00395,01/03/2022 11:11:39,"[(384, 3), (1, 4), (97, 2), (46, 3)]",12,01/03/2022 17:38:50
Cust00396,01/03/2022 11:11:44,"[(129, 10), (248, 1)]",11,01/03/2022 15:08:58
Cust00397,01/03/2022 11:11:58,"[(179, 1), (49, 2), (84, 2), (4, 4)]",9,01/03/2022 20:16:05
Cust00398,01/03/2022 11:12:12,"[(120, 4), (20, 2)]",6,01/03/2022 14:55:47
Cust00399,01/03/2022 11:12:37,"[(202, 2), (198, 1)]",3,01/03/2022 15:03:19
Cust00400,01/03/2022 11:13:03,"[(16, 3), (25, 3)]",6,01/03/2022 20:13:14
Cust00401,01/03/2022 11:13:32,"[(76, 9), (88, 2), (8, 1), (38, 7)]",19,01/03/2022 20:13:40
Cust00402,01/03/2022 11:13:36,"[(61, 2), (72, 1), (90, 1), (81, 4), (198, 9), (154, 1), (77, 2), (257, 9), (290, 1), (314, 4)]",34,01/03/2022 19:01:32
Cust00403,01/03/2022 11:14:58,"[(46, 1)]",1,01/03/2022 14:33:21
Cust00404,01/03/2022 11:16:05,"[(33, 2), (239, 4), (280, 9), (141, 1)]",16,02/03/2022 11:20:08
Cust00405,01/03/2022 11:17:24,"[(40, 1), (138, 2)]",3,01/03/2022 18:34:59
Cust00406,01/03/2022 11:17:45,"[(142, 2), (106, 2)]",4,01/03/2022 14:45:31
Cust00407,01/03/2022 11:17:47,"[(89, 2), (31, 3), (61, 2)]",7,02/03/2022 04:53:55
Cust00408,01/03/2022 11:18:15,"[(100, 8)]",8,01/03/2022 21:33:32
Cust00409,01/03/2022 11:18:37,"[(350, 4), (42, 4)]",8,01/03/2022 20:16:37
Cust00410,01/03/2022 11:19:01,"[(66, 3)]",3,01/03/2022 22:51:44
Cust00411,01/03/2022 11:19:12,"[(47, 4), (291, 2), (47, 3), (209, 2)]",11,01/03/2022 17:07:38
Cust00412,01/03/2022 11:19:26,"[(83, 3), (182, 2), (202, 3)]",8,01/03/2022 20:04:05
Cust00413,01/03/2022 11:19:27,"[(35, 5), (37, 2), (169, 10)]",17,01/03/2022 17:11:39
Cust00414,01/03/2022 11:19:31,"[(280, 1)]",1,01/03/2022 16:10:57
Cust00415,01/03/2022 11:20:29,"[(133, 2), (24, 2), (105, 1), (134, 1), (267, 1), (17, 2), (88, 4)]",13,01/03/2022 22:39:08
Cust00416,01/03/2022 11:20:32,"[(244, 1), (166, 3), (34, 4)]",8,01/03/2022 14:43:35
Cust00417,01/03/2022 11:20:44,"[(103, 2)]",2,01/03/2022 16:06:41
Cust00418,01/03/2022 11:20:50,"[(359, 2), (26, 3), (329, 1)]",6,01/03/2022 18:52:17
Cust00419,01/03/2022 11:21:00,"[(153, 1), (257, 3), (37, 3)]",7,01/03/2022 17:08:54
Cust00420,01/03/2022 11:22:11,"[(88, 4), (46, 1), (38, 1)]",6,01/03/2022 19:57:49
Cust00421,01/03/2022 11:22:13,"[(85, 3)]",3,01/03/2022 14:37:51
Cust00422,01/03/2022 11:22:41,"[(13, 2), (85, 1), (194, 1)]",4,01/03/2022 17:40:08
Cust00423,01/03/2022 11:22:44,"[(60, 1), (3, 1), (169, 4)]",6,01/03/2022 16:35:57
Cust00424,01/03/2022 11:23:06,"[(67, 2), (146, 4)]",6,01/03/2022 22:51:14
Cust00425,01/03/2022 11:23:23,"[(308, 7), (115, 1)]",8,01/03/2022 22:29:18
Cust00426,01/03/2022 11:24:57,"[(3, 1), (60, 3), (322, 4)]",8,01/03/2022 14:31:34
Cust00427,01/03/2022 11:25:45,"[(36, 2), (281, 2), (185, 2)]",6,01/03/2022 17:45:08
Cust00428,01/03/2022 11:26:13,"[(162, 1)]",1,01/03/2022 14:50:22
Cust00429,01/03/2022 11:26:19,"[(34, 2)]",2,01/03/2022 21:57:28
Cust00430,01/03/2022 11:29:37,"[(26, 3), (40, 3), (179, 4)]",10,01/03/2022 15:02:09
Cust00431,01/03/2022 11:29:45,"[(107, 4), (104, 2), (79, 2), (147, 2), (66, 4), (53, 8), (15, 1), (30, 1), (47, 2), (102, 1)]",27,01/03/2022 23:56:10
Cust00432,01/03/2022 11:29:58,"[(13, 2), (288, 4), (137, 3), (94, 1)]",10,01/03/2022 21:57:26
Cust00433,01/03/2022 11:30:33,"[(3, 3)]",3,01/03/2022 15:51:52
Cust00434,01/03/2022 11:30:50,"[(70, 3), (31, 2), (152, 1)]",6,01/03/2022 15:06:24
Cust00435,01/03/2022 11:31:03,"[(78, 1), (307, 4)]",5,01/03/2022 15:06:29
Cust00436,01/03/2022 11:31:09,"[(69, 2), (242, 3), (5, 4), (19, 9)]",18,02/03/2022 00:10:19
Cust00437,01/03/2022 11:32:22,"[(346, 10), (114, 1), (96, 2)]",13,01/03/2022 18:35:13
Cust00438,01/03/2022 11:32:39,"[(161, 5), (2, 3), (2, 1)]",9,01/03/2022 23:04:14
Cust00439,01/03/2022 11:33:52,"[(34, 2), (112, 1), (92, 3), (2, 2)]",8,01/03/2022 15:51:32
Cust00440,01/03/2022 11:34:02,"[(7, 4), (108, 3)]",7,01/03/2022 16:55:48
Cust00441,01/03/2022 11:34:24,"[(28, 3), (173, 3)]",6,01/03/2022 16:45:54
Cust00442,01/03/2022 11:34:28,"[(12, 4), (13, 4), (74, 1)]",9,01/03/2022 17:39:10
Cust00443,01/03/2022 11:36:37,"[(86, 1), (70, 1), (366, 2)]",4,01/03/2022 20:47:06
Cust00444,01/03/2022 11:38:11,"[(125, 4), (59, 1)]",5,01/03/2022 21:45:46
Cust00445,01/03/2022 11:38:28,"[(52, 4)]",4,01/03/2022 14:43:15
Cust00446,01/03/2022 11:38:44,"[(66, 1)]",1,01/03/2022 16:53:22
Cust00447,01/03/2022 11:39:00,"[(2, 4)]",4,01/03/2022 23:06:47
Cust00448,01/03/2022 11:39:05,"[(205, 4), (278, 1), (13, 2), (12, 4)]",11,01/03/2022 18:05:01
Cust00449,01/03/2022 11:39:25,"[(31, 2), (47, 3)]",5,01/03/2022 15:39:37
Cust00450,01/03/2022 11:39:43,"[(33, 1), (75, 1)]",2,01/03/2022 17:32:01
Cust00451,01/03/2022 11:40:53,"[(60, 2), (18, 10), (111, 2)]",14,01/03/2022 16:32:21
Cust00452,01/03/2022 11:41:01,"[(27, 2)]",2,01/03/2022 16:49:06
Cust00453,01/03/2022 11:41:33,"[(37, 4), (126, 3), (46, 1), (213, 2), (219, 3), (142, 1), (36, 2), (100, 1), (267, 3)]",20,01/03/2022 15:27:36
Cust00454,01/03/2022 11:42:04,"[(1, 1), (212, 3)]",4,01/03/2022 20:28:23
Cust00455,01/03/2022 11:42:21,"[(66, 2), (46, 3), (24, 9)]",14,01/03/2022 17:25:20
Cust00456,01/03/2022 11:42:56,"[(13, 1), (12, 3)]",4,01/03/2022 15:34:11
Cust00457,01/03/2022 11:43:11,"[(20, 1), (290, 1)]",2,01/03/2022 17:11:22
Cust00458,01/03/2022 11:43:26,"[(65, 4)]",4,01/03/2022 17:29:18
Cust00459,01/03/2022 11:43:33,"[(242, 1), (124, 2), (132, 4), (40, 1)]",8,01/03/2022 17:58:43
Cust00460,01/03/2022 11:43:41,"[(131, 1), (101, 2), (135, 2), (133, 4)]",9,01/03/2022 20:36:30
Cust00461,01/03/2022 11:44:04,"[(99, 2), (166, 5)]",7,01/03/2022 23:06:45
Cust00462,01/03/2022 11:44:27,"[(11, 1)]",1,02/03/2022 02:20:02
Cust00463,01/03/2022 11:45:02,"[(42, 1)]",1,01/03/2022 15:02:57
Cust00464,01/03/2022 11:45:57,"[(46, 6), (135, 1), (231, 3), (133, 3)]",13,01/03/2022 14:53:09
Cust00465,01/03/2022 11:46:11,"[(121, 2)]",2,01/03/2022 17:45:10
Cust00466,01/03/2022 11:47:05,"[(150, 9), (46, 1)]",10,01/03/2022 18:15:38
Cust00467,01/03/2022 11:47:51,"[(109, 1), (137, 2)]",3,01/03/2022 15:58:15
Cust00468,01/03/2022 11:47:56,"[(141, 2), (67, 4), (230, 5), (37, 1)]",12,01/03/2022 15:27:43
Cust00469,01/03/2022 11:48:24,"[(166, 4)]",4,01/03/2022 19:58:04
Cust00470,01/03/2022 11:48:53,"[(33, 3), (40, 1), (137, 2)]",6,01/03/2022 16:01:20
Cust00471,01/03/2022 11:49:03,"[(161, 3), (13, 1), (82, 1), (75, 4)]",9,01/03/2022 15:54:07
Cust00472,01/03/2022 11:49:31,"[(55, 1)]",1,01/03/2022 21:32:24
Cust00473,01/03/2022 11:49:59,"[(35, 3), (90, 2), (111, 2), (103, 10), (12, 4), (33, 4), (72, 3), (51, 2), (47, 3), (9, 4)]",37,01/03/2022 19:19:56
Cust00474,01/03/2022 11:50:07,"[(2, 2), (8, 1), (118, 3)]",6,01/03/2022 15:12:35
Cust00475,01/03/2022 11:51:22,"[(163, 3), (344, 1), (40, 1), (75, 5)]",10,01/03/2022 15:12:09
Cust00476,01/03/2022 11:51:32,"[(224, 2), (33, 4), (123, 1), (89, 1)]",8,01/03/2022 19:13:18
Cust00477,01/03/2022 11:51:34,"[(54, 2), (50, 3), (41, 3)]",8,01/03/2022 15:44:03
Cust00478,01/03/2022 11:52:22,"[(85, 4), (94, 2), (7, 2)]",8,01/03/2022 17:50:32
Cust00479,01/03/2022 11:52:28,"[(17, 3), (111, 8), (207, 4)]",15,01/03/2022 23:07:43
Cust00480,01/03/2022 11:52:44,"[(298, 1)]",1,01/03/2022 15:31:53
Cust00481,01/03/2022 11:53:07,"[(83, 2)]",2,01/03/2022 16:43:31
Cust00482,01/03/2022 11:53:58,"[(44, 3), (272, 3), (27, 1), (92, 4), (129, 2), (23, 1), (246, 4)]",18,01/03/2022 23:07:43
Cust00483,01/03/2022 11:54:02,"[(127, 4), (65, 4)]",8,01/03/2022 18:07:11
Cust00484,01/03/2022 11:54:04,"[(63, 8), (9, 3), (53, 3)]",14,01/03/2022 23:57:01
Cust00485,01/03/2022 11:54:12,"[(129, 2), (4, 2), (155, 4), (6, 4), (52, 1), (45, 9), (21, 2)]",24,02/03/2022 02:31:46
Cust00486,01/03/2022 11:54:23,"[(324, 1)]",1,01/03/2022 14:58:13
Cust00487,01/03/2022 11:54:37,"[(1, 3), (117, 3)]",6,01/03/2022 16:12:20
Cust00488,01/03/2022 11:55:01,"[(33, 4)]",4,01/03/2022 16:24:35
Cust00489,01/03/2022 11:55:47,"[(243, 3), (89, 2)]",5,01/03/2022 17:50:29
Cust00490,01/03/2022 11:56:48,"[(50, 3), (42, 1), (166, 4)]",8,01/03/2022 16:04:46
Cust00491,01/03/2022 11:56:54,"[(193, 1), (348, 1)]",2,01/03/2022 15:14:33
Cust00492,01/03/2022 11:56:55,"[(93, 1), (195, 2)]",3,01/03/2022 16:18:07
Cust00493,01/03/2022 11:57:27,"[(169, 1), (212, 2)]",3,01/03/2022 16:20:10
Cust00494,01/03/2022 11:57:52,"[(7, 1), (172, 4)]",5,01/03/2022 17:25:38
Cust00495,01/03/2022 11:57:57,"[(173, 8)]",8,01/03/2022 14:58:22
Cust00496,01/03/2022 11:58:06,"[(257, 1), (139, 3), (74, 1), (3, 2), (152, 2), (115, 10)]",19,01/03/2022 16:09:03
Cust00497,01/03/2022 11:58:30,"[(5, 1), (117, 1)]",2,01/03/2022 16:27:03
Cust00498,01/03/2022 11:58:55,"[(27, 4), (40, 3), (29, 3), (13, 3)]",13,01/03/2022 18:01:24
Cust00499,01/03/2022 11:59:18,"[(44, 1), (5, 3)]",4,01/03/2022 19:24:01
Cust00500,01/03/2022 11:59:47,"[(253, 4), (95, 3), (291, 2), (68, 1)]",10,01/03/2022 18:33:43
Cust00501,01/03/2022 11:59:52,"[(102, 4), (126, 4)]",8,01/03/2022 18:03:07
Cust00502,01/03/2022 12:00:01,"[(151, 1)]",1,02/03/2022 01:02:38
Cust00503,01/03/2022 12:00:13,"[(106, 1), (77, 2), (63, 4), (113, 2), (238, 1), (49, 1), (35, 4), (56, 3)]",18,01/03/2022 21:47:33
Cust00504,01/03/2022 12:00:52,"[(245, 1)]",1,02/03/2022 07:12:41
Cust00505,01/03/2022 12:01:18,"[(137, 2), (101, 5), (220, 1)]",8,01/03/2022 15:05:56
Cust00506,01/03/2022 12:01:20,"[(10, 4), (157, 1)]",5,01/03/2022 18:42:26
Cust00507,01/03/2022 12:01:56,"[(195, 1)]",1,01/03/2022 16:43:08
Cust00508,01/03/2022 12:02:16,"[(288, 2), (116, 4)]",6,01/03/2022 15:41:14
Cust00509,01/03/2022 12:02:51,"[(13, 1), (43, 2)]",3,01/03/2022 17:20:14
Cust00510,01/03/2022 12:04:40,"[(100, 3), (224, 1)]",4,01/03/2022 17:30:24
Cust00511,01/03/2022 12:05:05,"[(201, 6), (2, 3)]",9,01/03/2022 16:09:09
Cust00512,01/03/2022 12:05:06,"[(184, 2), (77, 1), (47, 4), (23, 2)]",9,01/03/2022 15:23:23
Cust00513,01/03/2022 12:05:33,"[(147, 3)]",3,01/03/2022 18:56:06
Cust00514,01/03/2022 12:05:39,"[(47, 3), (116, 3), (98, 3), (61, 2)]",11,02/03/2022 05:45:44
Cust00515,01/03/2022 12:05:58,"[(96, 1), (7, 4)]",5,01/03/2022 18:41:12
Cust00516,01/03/2022 12:06:26,"[(340, 4), (269, 5), (254, 3), (103, 3)]",15,01/03/2022 15:48:39
Cust00517,01/03/2022 12:06:48,"[(124, 1)]",1,01/03/2022 16:41:54
Cust00518,01/03/2022 12:06:55,"[(137, 6), (60, 1), (39, 9), (284, 4)]",20,01/03/2022 17:50:23
Cust00519,01/03/2022 12:07:17,"[(3, 2), (42, 2), (47, 1), (14, 1), (116, 5), (6, 3), (63, 2), (116, 1), (256, 2)]",19,01/03/2022 18:21:10
Cust00520,01/03/2022 12:07:48,"[(13, 1), (238, 2), (43, 1)]",4,01/03/2022 16:19:43
Cust00521,01/03/2022 12:07:54,"[(39, 2), (187, 3), (20, 1), (325, 3)]",9,01/03/2022 16:31:53
Cust00522,01/03/2022 12:08:04,"[(41, 8), (18, 4), (192, 10)]",22,01/03/2022 15:46:54
Cust00523,01/03/2022 12:08:11,"[(134, 1), (3, 2), (15, 2)]",5,01/03/2022 15:14:38
Cust00524,01/03/2022 12:08:25,"[(93, 1)]",1,01/03/2022 20:35:27
Cust00525,01/03/2022 12:09:01,"[(47, 4), (49, 2), (39, 1), (121, 4)]",11,01/03/2022 16:41:05
Cust00526,01/03/2022 12:09:54,"[(7, 1), (367, 4), (186, 4)]",9,01/03/2022 17:02:57
Cust00527,01/03/2022 12:10:36,"[(9, 3)]",3,01/03/2022 19:21:33
Cust00528,01/03/2022 12:11:23,"[(105, 2), (81, 3), (236, 1), (118, 1)]",7,02/03/2022 03:06:40
Cust00529,01/03/2022 12:11:36,"[(32, 2), (8, 1), (203, 3)]",6,02/03/2022 08:36:21
Cust00530,01/03/2022 12:12:25,"[(299, 3), (259, 2), (208, 2), (76, 3)]",10,01/03/2022 19:49:40
Cust00531,01/03/2022 12:13:21,"[(366, 4)]",4,01/03/2022 17:11:53
Cust00532,01/03/2022 12:13:42,"[(107, 2), (76, 1), (297, 1)]",4,02/03/2022 02:54:42
Cust00533,01/03/2022 12:13:57,"[(70, 2)]",2,01/03/2022 19:04:42
Cust00534,01/03/2022 12:15:05,"[(47, 3), (211, 2), (19, 7), (185, 4)]",16,01/03/2022 17:51:36
Cust00535,01/03/2022 12:15:18,"[(61, 3)]",3,01/03/2022 18:04:28
Cust00536,01/03/2022 12:15:36,"[(268, 3), (53, 4)]",7,01/03/2022 18:52:52
Cust00537,01/03/2022 12:16:02,"[(36, 1), (102, 1), (122, 3), (110, 4)]",9,01/03/2022 15:25:10
Cust00538,01/03/2022 12:16:19,"[(256, 8), (238, 3), (195, 1)]",12,01/03/2022 15:32:49
Cust00539,01/03/2022 12:16:49,"[(208, 4), (112, 1)]",5,01/03/2022 15:53:25
Cust00540,01/03/2022 12:16:50,"[(56, 1), (43, 4), (55, 4), (233, 2)]",11,01/03/2022 15:58:04
Cust00541,01/03/2022 12:16:56,"[(114, 1), (88, 3)]",4,02/03/2022 00:41:30
Cust00542,01/03/2022 12:17:25,"[(113, 3), (134, 2), (257, 4), (245, 1)]",10,01/03/2022 18:02:08
Cust00543,01/03/2022 12:17:44,"[(20, 2), (21, 1), (4, 1)]",4,01/03/2022 16:55:40
Cust00544,01/03/2022 12:18:39,"[(239, 4), (145, 4), (7, 2)]",10,01/03/2022 18:09:59
Cust00545,01/03/2022 12:18:47,"[(202, 1), (166, 3), (38, 3), (54, 1)]",8,01/03/2022 15:38:34
Cust00546,01/03/2022 12:19:10,"[(44, 3)]",3,01/03/2022 17:05:59
Cust00547,01/03/2022 12:19:29,"[(78, 2), (105, 4)]",6,01/03/2022 15:45:22
Cust00548,01/03/2022 12:19:42,"[(287, 3)]",3,01/03/2022 17:10:20
Cust00549,01/03/2022 12:20:16,"[(230, 4), (66, 4)]",8,01/03/2022 18:35:38
Cust00550,01/03/2022 12:20:17,"[(64, 4), (124, 5)]",9,01/03/2022 18:20:02
Cust00551,01/03/2022 12:20:38,"[(58, 3)]",3,01/03/2022 19:21:17
Cust00552,01/03/2022 12:20:48,"[(9, 4), (47, 4)]",8,01/03/2022 17:46:54
Cust00553,01/03/2022 12:20:54,"[(12, 5)]",5,01/03/2022 17:30:55
Cust00554,01/03/2022 12:20:56,"[(232, 6)]",6,01/03/2022 16:22:53
Cust00555,01/03/2022 12:22:02,"[(29, 3), (8, 10)]",13,01/03/2022 15:37:57
Cust00556,01/03/2022 12:22:45,"[(38, 2), (107, 3), (13, 4), (87, 1)]",10,01/03/2022 20:28:47
Cust00557,01/03/2022 12:23:28,"[(9, 2), (45, 2)]",4,02/03/2022 00:26:03
Cust00558,01/03/2022 12:23:38,"[(71, 4)]",4,01/03/2022 21:34:31
Cust00559,01/03/2022 12:24:33,"[(67, 2), (272, 9), (220, 1), (132, 2)]",14,01/03/2022 16:03:46
Cust00560,01/03/2022 12:24:39,"[(122, 2), (158, 1), (248, 4)]",7,01/03/2022 20:45:41
Cust00561,01/03/2022 12:25:26,"[(124, 2), (140, 4), (189, 2), (87, 4)]",12,01/03/2022 15:44:43
Cust00562,01/03/2022 12:25:58,"[(32, 3)]",3,01/03/2022 16:23:26
Cust00563,01/03/2022 12:29:05,"[(61, 8), (286, 3), (99, 4), (25, 4), (134, 1), (226, 2), (63, 4), (211, 3), (133, 4), (38, 1)]",34,01/03/2022 16:53:46
Cust00564,01/03/2022 12:29:52,"[(48, 1), (74, 1)]",2,01/03/2022 18:00:39
Cust00565,01/03/2022 12:29:57,"[(109, 1), (328, 4), (208, 3)]",8,01/03/2022 21:59:54
Cust00566,01/03/2022 12:30:13,"[(234, 2), (150, 2)]",4,01/03/2022 19:10:59
Cust00567,01/03/2022 12:31:54,"[(32, 2), (44, 2)]",4,01/03/2022 19:04:48
Cust00568,01/03/2022 12:33:30,"[(65, 1), (248, 1), (91, 1), (157, 3)]",6,01/03/2022 19:56:57
Cust00569,01/03/2022 12:33:34,"[(94, 3)]",3,02/03/2022 03:24:42
Cust00570,01/03/2022 12:33:50,"[(143, 2), (75, 1), (18, 4)]",7,01/03/2022 22:26:49
Cust00571,01/03/2022 12:34:11,"[(245, 1), (238, 3)]",4,01/03/2022 18:59:35
Cust00572,01/03/2022 12:34:31,"[(88, 4), (36, 1), (1, 1), (8, 1)]",7,01/03/2022 16:14:06
Cust00573,01/03/2022 12:35:57,"[(62, 3)]",3,01/03/2022 20:59:32
Cust00574,01/03/2022 12:36:15,"[(39, 2), (148, 4), (178, 3), (12, 1)]",10,01/03/2022 18:43:53
Cust00575,01/03/2022 12:36:45,"[(44, 4), (70, 3), (323, 1), (115, 2)]",10,02/03/2022 18:44:17
Cust00576,01/03/2022 12:38:42,"[(91, 2), (129, 4)]",6,01/03/2022 20:57:44
Cust00577,01/03/2022 12:39:41,"[(161, 4), (2, 1), (95, 3)]",8,01/03/2022 16:21:42
Cust00578,01/03/2022 12:40:13,"[(106, 2)]",2,01/03/2022 20:39:18
Cust00579,01/03/2022 12:41:04,"[(47, 3), (26, 1), (74, 3)]",7,01/03/2022 16:13:56
Cust00580,01/03/2022 12:42:51,"[(249, 4)]",4,01/03/2022 16:49:15
Cust00581,01/03/2022 12:43:57,"[(44, 3), (22, 1), (180, 4), (8, 10)]",18,01/03/2022 15:50:24
Cust00582,01/03/2022 12:44:22,"[(137, 1)]",1,01/03/2022 23:04:53
Cust00583,01/03/2022 12:44:58,"[(20, 4), (30, 4), (161, 4), (19, 1)]",13,01/03/2022 16:51:58
Cust00584,01/03/2022 12:45:00,"[(188, 4)]",4,01/03/2022 18:30:13
Cust00585,01/03/2022 12:45:17,"[(128, 1), (83, 2)]",3,01/03/2022 16:18:19
Cust00586,01/03/2022 12:45:18,"[(300, 1)]",1,01/03/2022 19:17:52
Cust00587,01/03/2022 12:45:45,"[(221, 2)]",2,01/03/2022 19:06:29
Cust00588,01/03/2022 12:46:05,"[(102, 2), (109, 4), (57, 3), (98, 1)]",10,02/03/2022 01:59:08
Cust00589,01/03/2022 12:46:20,"[(12, 1), (61, 4), (25, 3)]",8,01/03/2022 15:57:04
Cust00590,01/03/2022 12:47:33,"[(5, 1)]",1,01/03/2022 17:19:55
Cust00591,01/03/2022 12:47:45,"[(141, 4)]",4,01/03/2022 19:37:24
Cust00592,01/03/2022 12:48:13,"[(85, 2), (90, 2)]",4,01/03/2022 16:05:38
Cust00593,01/03/2022 12:48:57,"[(52, 1), (74, 5), (73, 2)]",8,01/03/2022 17:18:11
Cust00594,01/03/2022 12:49:34,"[(161, 3), (4, 4), (55, 2), (11, 3), (135, 1), (6, 2), (131, 2), (15, 1), (57, 3)]",21,01/03/2022 16:07:17
Cust00595,01/03/2022 12:49:59,"[(166, 5), (79, 3)]",8,01/03/2022 18:02:16
Cust00596,01/03/2022 12:50:22,"[(71, 3), (98, 4), (173, 2), (97, 4)]",13,01/03/2022 23:13:01
Cust00597,01/03/2022 12:50:34,"[(5, 3), (8, 3), (241, 2)]",8,01/03/2022 16:02:48
Cust00598,01/03/2022 12:50:41,"[(40, 3), (12, 2), (41, 1)]",6,01/03/2022 18:09:34
Cust00599,01/03/2022 12:51:07,"[(225, 3), (22, 2), (273, 1)]",6,01/03/2022 16:46:48
Cust00600,01/03/2022 12:51:13,"[(186, 2), (148, 1)]",3,01/03/2022 19:46:46
Cust00601,01/03/2022 12:53:24,"[(76, 4), (75, 3)]",7,01/03/2022 19:24:30
Cust00602,01/03/2022 12:53:53,"[(53, 2)]",2,01/03/2022 16:21:35
Cust00603,01/03/2022 12:54:30,"[(10, 2)]",2,01/03/2022 16:35:06
Cust00604,01/03/2022 12:55:06,"[(41, 2), (303, 1), (117, 1), (67, 3)]",7,01/03/2022 17:23:36
Cust00605,01/03/2022 12:55:21,"[(110, 4), (378, 1), (86, 1)]",6,01/03/2022 16:40:51
Cust00606,01/03/2022 12:56:22,"[(13, 1)]",1,01/03/2022 21:04:37
Cust00607,01/03/2022 12:56:35,"[(100, 1)]",1,01/03/2022 20:00:00
Cust00608,01/03/2022 12:56:44,"[(111, 2), (331, 3)]",5,01/03/2022 20:48:22
Cust00609,01/03/2022 12:57:55,"[(8, 4), (72, 4), (87, 1), (19, 2), (91, 4), (19, 1)]",16,01/03/2022 19:31:16
Cust00610,01/03/2022 12:58:10,"[(80, 2), (12, 3), (169, 1), (108, 1)]",7,01/03/2022 16:52:51
Cust00611,01/03/2022 12:58:20,"[(14, 1), (243, 1), (77, 1)]",3,01/03/2022 18:52:52
Cust00612,01/03/2022 12:58:23,"[(49, 2), (74, 3)]",5,02/03/2022 00:05:55
Cust00613,01/03/2022 12:59:14,"[(374, 3), (205, 2), (8, 2)]",7,01/03/2022 21:18:40
Cust00614,01/03/2022 12:59:49,"[(280, 4)]",4,02/03/2022 00:31:21
Cust00615,01/03/2022 12:59:53,"[(227, 3), (62, 8), (107, 3), (48, 3)]",17,01/03/2022 18:48:26
Cust00616,01/03/2022 13:00:34,"[(47, 3), (227, 3), (47, 4)]",10,01/03/2022 19:29:45
Cust00617,01/03/2022 13:01:37,"[(214, 4), (235, 4), (5, 4)]",12,02/03/2022 02:21:37
Cust00618,01/03/2022 13:01:54,"[(45, 2)]",2,01/03/2022 17:32:00
Cust00619,01/03/2022 13:01:58,"[(16, 2), (101, 3)]",5,01/03/2022 21:04:33
Cust00620,01/03/2022 13:02:59,"[(144, 1), (165, 4), (190, 2), (19, 2)]",9,01/03/2022 17:22:48
Cust00621,01/03/2022 13:03:32,"[(58, 1), (72, 2), (49, 4)]",7,01/03/2022 17:09:15
Cust00622,01/03/2022 13:05:12,"[(201, 1), (318, 3), (133, 1), (50, 1)]",6,01/03/2022 18:45:30
Cust00623,01/03/2022 13:05:43,"[(179, 2), (12, 3)]",5,01/03/2022 17:03:18
Cust00624,01/03/2022 13:06:35,"[(19, 1), (298, 1), (245, 1)]",3,02/03/2022 08:52:39
Cust00625,01/03/2022 13:06:51,"[(45, 3), (71, 2), (35, 2)]",7,01/03/2022 20:18:23
Cust00626,01/03/2022 13:08:40,"[(29, 3), (90, 2), (72, 3)]",8,01/03/2022 21:59:06
Cust00627,01/03/2022 13:08:55,"[(1, 2), (152, 2), (168, 1)]",5,01/03/2022 23:41:16
Cust00628,01/03/2022 13:09:29,"[(108, 2)]",2,02/03/2022 02:17:42
Cust00629,01/03/2022 13:11:50,"[(24, 4)]",4,01/03/2022 23:29:02
Cust00630,01/03/2022 13:12:09,"[(274, 2)]",2,01/03/2022 20:02:25
Cust00631,01/03/2022 13:13:12,"[(40, 1), (77, 2), (66, 1)]",4,01/03/2022 17:36:45
Cust00632,01/03/2022 13:13:21,"[(69, 2)]",2,01/03/2022 23:07:15
Cust00633,01/03/2022 13:13:40,"[(206, 3), (9, 2)]",5,01/03/2022 18:20:16
Cust00634,01/03/2022 13:13:44,"[(96, 1), (10, 3), (22, 1), (75, 2)]",7,01/03/2022 20:54:12
Cust00635,01/03/2022 13:13:57,"[(137, 2), (94, 4), (144, 2), (102, 2)]",10,01/03/2022 19:20:10
Cust00636,01/03/2022 13:15:07,"[(54, 8), (230, 4)]",12,01/03/2022 21:22:55
Cust00637,01/03/2022 13:15:51,"[(16, 1)]",1,01/03/2022 19:04:51
Cust00638,01/03/2022 13:17:18,"[(47, 9)]",9,01/03/2022 19:04:42
Cust00639,01/03/2022 13:18:17,"[(173, 4), (194, 1)]",5,01/03/2022 18:34:33
Cust00640,01/03/2022 13:18:32,"[(118, 4), (127, 2)]",6,01/03/2022 17:05:49
Cust00641,01/03/2022 13:19:11,"[(3, 3), (57, 2), (221, 4)]",9,01/03/2022 16:41:32
Cust00642,01/03/2022 13:19:31,"[(68, 1), (130, 2), (175, 3), (13, 1), (33, 5), (161, 2), (35, 3)]",17,02/03/2022 03:51:44
Cust00643,01/03/2022 13:20:42,"[(36, 2), (127, 6), (85, 1)]",9,02/03/2022 01:32:21
Cust00644,01/03/2022 13:21:32,"[(234, 2)]",2,01/03/2022 17:56:59
Cust00645,01/03/2022 13:22:20,"[(35, 1)]",1,01/03/2022 19:24:23
Cust00646,01/03/2022 13:22:29,"[(3, 3), (100, 1)]",4,01/03/2022 19:01:18
Cust00647,01/03/2022 13:24:09,"[(65, 1)]",1,01/03/2022 18:03:20
Cust00648,01/03/2022 13:24:11,"[(256, 4), (32, 2), (16, 1)]",7,01/03/2022 22:24:16
Cust00649,01/03/2022 13:25:07,"[(213, 2), (133, 4)]",6,01/03/2022 17:31:10
Cust00650,01/03/2022 13:25:15,"[(247, 3), (120, 2), (25, 4)]",9,01/03/2022 17:10:00
Cust00651,01/03/2022 13:25:44,"[(227, 8)]",8,01/03/2022 19:00:33
Cust00652,01/03/2022 13:25:51,"[(36, 1), (22, 3)]",4,02/03/2022 02:56:26
Cust00653,01/03/2022 13:26:05,"[(59, 1), (133, 2), (19, 7), (293, 1)]",11,01/03/2022 16:32:43
Cust00654,01/03/2022 13:26:08,"[(155, 3), (258, 4), (202, 2)]",9,01/03/2022 17:47:48
Cust00655,01/03/2022 13:26:30,"[(169, 4), (88, 1), (149, 1)]",6,01/03/2022 17:04:36
Cust00656,01/03/2022 13:26:40,"[(360, 1), (73, 2), (349, 4)]",7,01/03/2022 22:37:48
Cust00657,01/03/2022 13:27:18,"[(244, 1), (142, 4), (300, 3)]",8,01/03/2022 17:41:55
Cust00658,01/03/2022 13:30:14,"[(101, 6)]",6,01/03/2022 17:11:29
Cust00659,01/03/2022 13:30:18,"[(79, 3)]",3,01/03/2022 20:14:28
Cust00660,01/03/2022 13:31:26,"[(109, 1), (36, 2)]",3,01/03/2022 16:42:38
Cust00661,01/03/2022 13:31:48,"[(9, 2), (105, 2), (105, 2)]",6,02/03/2022 06:17:53
Cust00662,01/03/2022 13:31:55,"[(43, 1)]",1,01/03/2022 18:39:03
Cust00663,01/03/2022 13:32:45,"[(13, 3), (159, 2), (37, 4)]",9,02/03/2022 01:47:21
Cust00664,01/03/2022 13:33:45,"[(139, 9), (301, 3), (177, 2)]",14,01/03/2022 22:44:20
Cust00665,01/03/2022 13:33:49,"[(291, 1), (70, 4), (60, 2), (9, 4), (178, 1), (157, 2), (48, 2), (57, 2), (35, 4)]",22,02/03/2022 00:19:06
Cust00666,01/03/2022 13:34:00,"[(328, 3)]",3,01/03/2022 18:01:03
Cust00667,01/03/2022 13:34:50,"[(127, 4), (37, 1)]",5,01/03/2022 18:21:25
Cust00668,01/03/2022 13:34:52,"[(15, 3), (74, 2), (13, 1)]",6,01/03/2022 17:15:31
Cust00669,01/03/2022 13:35:02,"[(304, 4), (126, 2)]",6,02/03/2022 06:38:08
Cust00670,01/03/2022 13:35:24,"[(168, 2), (49, 4), (260, 3), (34, 2)]",11,01/03/2022 19:17:26
Cust00671,01/03/2022 13:36:23,"[(260, 1), (369, 1), (71, 4), (108, 2), (69, 3), (15, 2), (108, 1), (215, 8), (99, 2), (104, 1)]",25,02/03/2022 01:05:05
Cust00672,01/03/2022 13:36:57,"[(144, 3), (4, 3), (2, 4)]",10,01/03/2022 21:54:12
Cust00673,01/03/2022 13:37:34,"[(355, 6)]",6,01/03/2022 16:44:20
Cust00674,01/03/2022 13:37:55,"[(111, 4), (115, 1)]",5,01/03/2022 17:48:56
Cust00675,01/03/2022 13:38:20,"[(191, 1), (106, 4), (27, 2), (128, 4)]",11,01/03/2022 17:56:04
Cust00676,01/03/2022 13:38:51,"[(18, 2), (254, 3), (123, 1), (267, 1)]",7,01/03/2022 18:41:56
Cust00677,01/03/2022 13:39:09,"[(197, 1)]",1,01/03/2022 19:04:17
Cust00678,01/03/2022 13:39:10,"[(310, 1)]",1,01/03/2022 16:40:22
Cust00679,01/03/2022 13:39:28,"[(236, 2), (49, 2), (52, 1)]",5,01/03/2022 18:20:47
Cust00680,01/03/2022 13:40:34,"[(172, 4), (230, 2), (74, 2), (62, 1), (19, 2), (316, 9)]",20,01/03/2022 22:16:03
Cust00681,01/03/2022 13:41:30,"[(4, 3)]",3,02/03/2022 05:39:46
Cust00682,01/03/2022 13:41:57,"[(110, 3), (81, 2)]",5,01/03/2022 18:14:30
Cust00683,01/03/2022 13:42:59,"[(89, 1), (8, 2), (166, 3), (133, 2)]",8,01/03/2022 19:00:49
Cust00684,01/03/2022 13:43:59,"[(73, 4), (78, 1)]",5,02/03/2022 01:09:01
Cust00685,01/03/2022 13:44:41,"[(92, 2)]",2,01/03/2022 20:32:45
Cust00686,01/03/2022 13:45:02,"[(222, 7), (29, 1), (50, 1), (57, 3)]",12,01/03/2022 17:25:52
Cust00687,01/03/2022 13:45:15,"[(39, 4), (132, 1)]",5,01/03/2022 17:41:04
Cust00688,01/03/2022 13:45:26,"[(50, 2)]",2,02/03/2022 09:55:09
Cust00689,01/03/2022 13:45:35,"[(73, 3), (94, 4), (76, 4), (68, 4), (77, 4), (90, 1), (60, 2), (112, 4), (349, 1)]",27,01/03/2022 20:14:05
Cust00690,01/03/2022 13:47:16,"[(83, 2), (93, 2)]",4,01/03/2022 19:45:20
Cust00691,01/03/2022 13:47:38,"[(45, 1), (34, 1)]",2,01/03/2022 22:24:49
Cust00692,01/03/2022 13:47:52,"[(15, 1), (97, 4), (131, 3), (44, 1), (105, 2), (34, 1), (10, 4)]",16,01/03/2022 23:55:41
Cust00693,01/03/2022 13:48:10,"[(68, 2), (90, 2), (92, 3), (32, 3)]",10,01/03/2022 23:34:29
Cust00694,01/03/2022 13:48:16,"[(120, 1)]",1,02/03/2022 00:52:26
Cust00695,01/03/2022 13:48:53,"[(37, 3), (85, 4), (119, 4), (10, 5)]",16,01/03/2022 22:39:00
Cust00696,01/03/2022 13:50:25,"[(58, 4), (1, 2), (165, 1)]",7,01/03/2022 23:27:13
Cust00697,01/03/2022 13:50:27,"[(10, 2), (248, 1), (80, 1)]",4,01/03/2022 23:44:46
Cust00698,01/03/2022 13:50:48,"[(202, 1), (307, 3), (92, 2)]",6,01/03/2022 18:02:21
Cust00699,01/03/2022 13:51:13,"[(25, 4), (46, 4), (103, 4), (110, 2)]",14,01/03/2022 18:27:07
Cust00700,01/03/2022 13:51:24,"[(139, 4)]",4,01/03/2022 18:01:07
Cust00701,01/03/2022 13:52:51,"[(74, 3), (209, 3), (204, 1)]",7,01/03/2022 22:42:59
Cust00702,01/03/2022 13:53:16,"[(5, 3)]",3,01/03/2022 20:21:04
Cust00703,01/03/2022 13:53:36,"[(41, 1), (213, 4)]",5,01/03/2022 19:45:49
Cust00704,01/03/2022 13:54:09,"[(109, 2), (62, 3), (226, 3)]",8,01/03/2022 17:38:49
Cust00705,01/03/2022 13:54:22,"[(7, 2), (186, 2)]",4,01/03/2022 20:08:14
Cust00706,01/03/2022 13:54:53,"[(179, 1)]",1,01/03/2022 22:50:13
Cust00707,01/03/2022 13:55:57,"[(135, 2), (14, 5), (98, 1), (142, 1)]",9,02/03/2022 04:47:01
Cust00708,01/03/2022 13:56:10,"[(11, 1), (26, 4)]",5,01/03/2022 18:54:30
Cust00709,01/03/2022 13:56:27,"[(114, 3), (54, 1), (200, 3), (79, 3)]",10,02/03/2022 02:39:46
Cust00710,01/03/2022 13:56:28,"[(227, 3), (185, 4)]",7,01/03/2022 17:31:47
Cust00711,01/03/2022 13:56:33,"[(38, 4), (4, 3), (96, 4), (111, 1)]",12,01/03/2022 18:07:03
Cust00712,01/03/2022 13:56:48,"[(235, 3)]",3,01/03/2022 19:17:33
Cust00713,01/03/2022 13:56:53,"[(106, 1), (225, 2), (88, 3)]",6,02/03/2022 02:32:00
Cust00714,01/03/2022 13:57:10,"[(79, 3), (296, 1), (66, 3), (16, 4), (4, 1), (14, 1), (110, 1), (59, 2), (33, 1), (220, 3)]",20,01/03/2022 23:03:09
Cust00715,01/03/2022 13:58:08,"[(207, 2), (208, 3), (126, 4), (65, 4), (70, 4), (265, 4), (120, 1)]",22,01/03/2022 17:20:16
Cust00716,01/03/2022 13:58:37,"[(30, 3), (70, 2), (177, 8)]",13,01/03/2022 18:08:11
Cust00717,01/03/2022 13:58:53,"[(100, 4), (29, 4), (138, 5), (165, 3)]",16,01/03/2022 21:29:15
Cust00718,01/03/2022 13:59:52,"[(195, 4), (241, 1), (88, 2), (94, 2)]",9,01/03/2022 17:26:19
Cust00719,01/03/2022 14:00:12,"[(247, 1), (52, 2), (202, 3)]",6,01/03/2022 23:19:42
Cust00720,01/03/2022 14:00:42,"[(107, 3), (70, 1), (150, 4)]",8,01/03/2022 18:22:16
Cust00721,01/03/2022 14:00:55,"[(9, 3)]",3,02/03/2022 06:16:35
Cust00722,01/03/2022 14:01:03,"[(152, 4), (61, 1), (91, 1)]",6,01/03/2022 19:47:36
Cust00723,01/03/2022 14:01:05,"[(236, 1)]",1,02/03/2022 02:47:44
Cust00724,01/03/2022 14:01:06,"[(239, 1), (29, 1)]",2,01/03/2022 17:38:28
Cust00725,01/03/2022 14:01:44,"[(13, 3)]",3,01/03/2022 21:35:03
Cust00726,01/03/2022 14:02:42,"[(60, 1), (281, 2)]",3,01/03/2022 17:04:24
Cust00727,01/03/2022 14:02:56,"[(34, 3)]",3,01/03/2022 20:52:22
Cust00728,01/03/2022 14:03:21,"[(107, 4)]",4,01/03/2022 20:54:55
Cust00729,01/03/2022 14:03:27,"[(50, 1), (37, 3)]",4,01/03/2022 17:19:48
Cust00730,01/03/2022 14:03:36,"[(161, 4), (308, 1)]",5,02/03/2022 07:19:14
Cust00731,01/03/2022 14:03:42,"[(161, 1), (192, 2)]",3,01/03/2022 20:10:55
Cust00732,01/03/2022 14:03:53,"[(13, 2), (248, 2), (99, 2), (23, 1), (16, 2), (197, 4)]",13,01/03/2022 19:52:33
Cust00733,01/03/2022 14:05:24,"[(141, 4), (338, 3), (52, 3), (121, 1), (249, 2), (189, 3)]",16,01/03/2022 23:43:04
Cust00734,01/03/2022 14:05:58,"[(21, 2)]",2,01/03/2022 18:24:08
Cust00735,01/03/2022 14:07:18,"[(168, 5), (25, 1), (103, 2)]",8,01/03/2022 17:24:59
Cust00736,01/03/2022 14:07:35,"[(286, 1), (61, 2)]",3,01/03/2022 22:47:47
Cust00737,01/03/2022 14:07:44,"[(3, 1)]",1,01/03/2022 17:41:24
Cust00738,01/03/2022 14:08:13,"[(112, 4), (11, 3), (76, 4)]",11,01/03/2022 18:32:55
Cust00739,01/03/2022 14:08:43,"[(10, 2)]",2,02/03/2022 03:13:38
Cust00740,01/03/2022 14:09:04,"[(28, 3), (103, 10), (149, 2), (131, 2)]",17,01/03/2022 22:57:52
Cust00741,01/03/2022 14:10:04,"[(40, 2), (84, 2), (329, 1), (31, 2)]",7,01/03/2022 21:54:06
Cust00742,01/03/2022 14:10:49,"[(286, 3), (141, 3)]",6,01/03/2022 18:35:34
Cust00743,01/03/2022 14:11:00,"[(117, 4), (86, 1), (156, 2), (166, 2), (102, 1)]",10,01/03/2022 18:40:47
Cust00744,01/03/2022 14:11:02,"[(194, 6), (114, 1)]",7,02/03/2022 00:37:59
Cust00745,01/03/2022 14:11:18,"[(183, 1), (111, 1), (101, 1)]",3,01/03/2022 22:12:37
Cust00746,01/03/2022 14:11:22,"[(42, 1), (35, 1), (46, 3), (77, 4)]",9,01/03/2022 17:17:58
Cust00747,01/03/2022 14:12:16,"[(199, 2), (221, 3), (138, 3), (92, 4)]",12,01/03/2022 19:08:21
Cust00748,01/03/2022 14:12:23,"[(224, 2), (230, 4), (18, 2), (37, 3)]",11,01/03/2022 18:53:25
Cust00749,01/03/2022 14:12:44,"[(286, 4), (97, 2), (97, 2)]",8,01/03/2022 19:33:26
Cust00750,01/03/2022 14:13:01,"[(208, 4), (140, 1)]",5,01/03/2022 21:47:23
Cust00751,01/03/2022 14:13:10,"[(132, 1), (109, 1), (63, 2), (4, 2), (16, 2), (21, 1), (15, 2), (87, 2)]",13,01/03/2022 21:55:53
Cust00752,01/03/2022 14:13:31,"[(110, 1), (321, 2), (61, 3), (154, 1)]",7,01/03/2022 17:20:10
Cust00753,01/03/2022 14:13:41,"[(127, 2)]",2,01/03/2022 19:15:15
Cust00754,01/03/2022 14:13:51,"[(128, 2)]",2,01/03/2022 23:23:51
Cust00755,01/03/2022 14:13:51,"[(52, 2), (82, 4), (35, 3)]",9,01/03/2022 21:02:39
Cust00756,01/03/2022 14:14:49,"[(304, 3)]",3,02/03/2022 02:38:54
Cust00757,01/03/2022 14:14:49,"[(194, 2), (109, 4), (26, 1)]",7,01/03/2022 19:42:06
Cust00758,01/03/2022 14:15:13,"[(46, 1), (314, 2), (70, 4)]",7,01/03/2022 18:41:33
Cust00759,01/03/2022 14:15:35,"[(384, 2), (17, 4)]",6,01/03/2022 22:04:44
Cust00760,01/03/2022 14:15:45,"[(74, 3), (77, 1), (132, 2), (265, 1)]",7,01/03/2022 21:24:30
Cust00761,01/03/2022 14:16:47,"[(5, 1), (160, 4), (24, 1)]",6,02/03/2022 14:31:45
Cust00762,01/03/2022 14:17:32,"[(249, 4), (241, 4)]",8,02/03/2022 05:14:18
Cust00763,01/03/2022 14:17:35,"[(50, 4), (108, 3), (55, 2)]",9,01/03/2022 20:10:12
Cust00764,01/03/2022 14:18:04,"[(201, 2), (35, 2), (4, 1)]",5,01/03/2022 23:29:01
Cust00765,01/03/2022 14:18:16,"[(63, 2), (60, 4), (147, 9), (361, 1)]",16,01/03/2022 17:28:52
Cust00766,01/03/2022 14:18:29,"[(74, 4)]",4,01/03/2022 18:51:06
Cust00767,01/03/2022 14:19:26,"[(23, 2), (72, 2), (66, 4), (4, 3)]",11,01/03/2022 21:23:38
Cust00768,01/03/2022 14:19:41,"[(67, 2), (127, 2), (58, 1)]",5,01/03/2022 23:47:48
Cust00769,01/03/2022 14:21:17,"[(65, 2), (13, 1)]",3,02/03/2022 03:20:46
Cust00770,01/03/2022 14:23:06,"[(193, 1)]",1,01/03/2022 19:15:28
Cust00771,01/03/2022 14:23:18,"[(33, 8), (291, 4)]",12,01/03/2022 18:05:35
Cust00772,01/03/2022 14:23:33,"[(63, 1), (106, 4), (17, 7), (328, 2)]",14,01/03/2022 19:30:44
Cust00773,01/03/2022 14:24:06,"[(233, 3), (120, 6), (158, 3)]",12,01/03/2022 18:04:16
Cust00774,01/03/2022 14:24:07,"[(8, 2)]",2,02/03/2022 03:33:45
Cust00775,01/03/2022 14:24:56,"[(151, 4)]",4,01/03/2022 19:22:16
Cust00776,01/03/2022 14:24:57,"[(99, 4), (5, 1), (117, 1), (110, 1), (90, 3), (57, 2), (161, 4)]",16,01/03/2022 21:28:01
Cust00777,01/03/2022 14:25:03,"[(167, 2), (174, 3)]",5,01/03/2022 19:36:45
Cust00778,01/03/2022 14:25:12,"[(8, 3)]",3,01/03/2022 22:39:38
Cust00779,01/03/2022 14:25:34,"[(136, 3), (8, 2)]",5,02/03/2022 02:27:41
Cust00780,01/03/2022 14:25:37,"[(126, 1), (172, 4), (4, 3), (114, 3)]",11,01/03/2022 17:58:08
Cust00781,01/03/2022 14:25:49,"[(50, 6), (211, 5), (134, 10)]",21,01/03/2022 21:29:41
Cust00782,01/03/2022 14:26:15,"[(244, 2), (113, 3), (92, 4)]",9,01/03/2022 21:23:40
Cust00783,01/03/2022 14:26:33,"[(101, 2)]",2,01/03/2022 20:30:27
Cust00784,01/03/2022 14:27:00,"[(179, 2)]",2,01/03/2022 21:39:50
Cust00785,01/03/2022 14:27:51,"[(53, 3), (118, 1), (127, 3), (210, 2)]",9,01/03/2022 19:51:05
Cust00786,01/03/2022 14:28:08,"[(65, 2), (26, 2)]",4,01/03/2022 18:01:51
Cust00787,01/03/2022 14:28:10,"[(199, 2), (49, 1), (14, 3)]",6,01/03/2022 21:00:20
Cust00788,01/03/2022 14:29:17,"[(177, 1), (65, 3), (133, 3), (89, 9), (174, 3), (87, 3), (38, 1)]",23,01/03/2022 19:42:35
Cust00789,01/03/2022 14:29:17,"[(141, 2), (68, 1), (89, 3)]",6,02/03/2022 07:38:52
Cust00790,01/03/2022 14:30:06,"[(199, 1), (56, 1)]",2,01/03/2022 22:23:56
Cust00791,01/03/2022 14:30:41,"[(245, 2), (80, 4)]",6,01/03/2022 19:27:26
Cust00792,01/03/2022 14:32:13,"[(66, 4), (50, 9), (90, 4), (7, 9), (134, 4), (19, 2), (17, 3), (90, 3), (261, 4)]",42,01/03/2022 20:58:07
Cust00793,01/03/2022 14:32:13,"[(78, 4)]",4,01/03/2022 19:13:41
Cust00794,01/03/2022 14:32:23,"[(212, 2), (4, 1), (119, 1), (193, 3)]",7,01/03/2022 18:04:49
Cust00795,01/03/2022 14:32:40,"[(229, 3), (348, 1), (311, 4), (1, 1)]",9,01/03/2022 18:13:30
Cust00796,01/03/2022 14:32:49,"[(108, 1), (166, 2)]",3,02/03/2022 03:42:44
Cust00797,01/03/2022 14:34:12,"[(12, 1), (123, 2), (368, 2), (12, 2)]",7,02/03/2022 01:39:56
Cust00798,01/03/2022 14:34:18,"[(57, 2), (5, 3)]",5,01/03/2022 21:32:57
Cust00799,01/03/2022 14:35:44,"[(18, 2), (81, 2)]",4,01/03/2022 18:20:19
Cust00800,01/03/2022 14:36:45,"[(4, 3), (43, 2)]",5,01/03/2022 18:11:05
Cust00801,01/03/2022 14:37:05,"[(30, 2), (230, 3)]",5,01/03/2022 22:44:01
Cust00802,01/03/2022 14:38:38,"[(56, 2), (128, 6)]",8,01/03/2022 18:02:18
Cust00803,01/03/2022 14:39:01,"[(179, 2), (53, 4), (30, 2), (2, 2)]",10,01/03/2022 20:50:33
Cust00804,01/03/2022 14:39:10,"[(44, 7)]",7,02/03/2022 04:39:49
Cust00805,01/03/2022 14:39:11,"[(3, 1), (15, 3), (34, 4)]",8,01/03/2022 22:48:26
Cust00806,01/03/2022 14:39:11,"[(170, 2), (186, 2), (21, 1)]",5,01/03/2022 18:17:50
Cust00807,01/03/2022 14:39:47,"[(232, 4), (193, 2), (117, 3), (133, 2)]",11,01/03/2022 19:37:53
Cust00808,01/03/2022 14:40:09,"[(80, 3), (145, 2)]",5,01/03/2022 19:19:41
Cust00809,01/03/2022 14:40:12,"[(111, 1), (103, 1), (33, 3), (283, 2)]",7,01/03/2022 21:04:10
Cust00810,01/03/2022 14:41:22,"[(39, 1), (101, 1)]",2,01/03/2022 19:44:20
Cust00811,01/03/2022 14:41:28,"[(226, 1), (210, 7), (303, 1), (108, 4)]",13,02/03/2022 01:59:51
Cust00812,01/03/2022 14:42:40,"[(135, 1), (21, 1)]",2,01/03/2022 20:45:34
Cust00813,01/03/2022 14:43:31,"[(75, 2)]",2,02/03/2022 00:42:24
Cust00814,01/03/2022 14:44:38,"[(324, 3)]",3,01/03/2022 18:15:36
Cust00815,01/03/2022 14:45:03,"[(88, 4), (290, 1)]",5,01/03/2022 19:20:51
Cust00816,01/03/2022 14:45:46,"[(87, 7)]",7,01/03/2022 18:49:34
Cust00817,01/03/2022 14:46:27,"[(15, 2), (20, 1), (128, 4)]",7,01/03/2022 21:10:57
Cust00818,01/03/2022 14:46:34,"[(29, 4), (27, 1)]",5,01/03/2022 17:48:17
Cust00819,01/03/2022 14:46:36,"[(194, 1), (111, 7), (77, 2), (18, 2), (104, 2), (293, 2)]",16,01/03/2022 20:35:21
Cust00820,01/03/2022 14:46:48,"[(44, 8), (110, 3), (182, 1), (180, 2)]",14,01/03/2022 22:09:57
Cust00821,01/03/2022 14:47:15,"[(221, 2), (46, 3), (176, 2)]",7,01/03/2022 18:19:52
Cust00822,01/03/2022 14:47:26,"[(353, 1)]",1,01/03/2022 23:47:55
Cust00823,01/03/2022 14:48:31,"[(122, 3), (153, 3)]",6,02/03/2022 02:49:43
Cust00824,01/03/2022 14:48:35,"[(135, 4), (324, 4), (304, 2), (105, 1)]",11,01/03/2022 18:08:53
Cust00825,01/03/2022 14:48:50,"[(37, 1)]",1,01/03/2022 23:19:19
Cust00826,01/03/2022 14:49:31,"[(233, 1), (108, 3), (5, 2), (235, 2)]",8,01/03/2022 20:37:07
Cust00827,01/03/2022 14:49:32,"[(52, 2)]",2,02/03/2022 00:48:15
Cust00828,01/03/2022 14:49:35,"[(131, 4)]",4,02/03/2022 00:16:51
Cust00829,01/03/2022 14:49:47,"[(173, 4), (143, 4), (66, 2), (107, 1)]",11,01/03/2022 19:07:08
Cust00830,01/03/2022 14:49:50,"[(13, 1)]",1,01/03/2022 18:24:40
Cust00831,01/03/2022 14:49:57,"[(95, 3)]",3,01/03/2022 21:10:39
Cust00832,01/03/2022 14:50:09,"[(278, 3), (51, 1)]",4,02/03/2022 05:26:38
Cust00833,01/03/2022 14:50:11,"[(280, 4), (133, 3)]",7,02/03/2022 03:49:58
Cust00834,01/03/2022 14:51:14,"[(48, 1), (228, 2), (48, 1)]",4,02/03/2022 03:33:31
Cust00835,01/03/2022 14:51:26,"[(222, 4), (9, 1)]",5,02/03/2022 03:54:07
Cust00836,01/03/2022 14:52:09,"[(315, 1)]",1,01/03/2022 21:16:09
Cust00837,01/03/2022 14:52:26,"[(43, 3)]",3,01/03/2022 18:19:01
Cust00838,01/03/2022 14:52:39,"[(142, 3), (8, 1), (145, 6)]",10,01/03/2022 19:23:04
Cust00839,01/03/2022 14:52:54,"[(29, 4), (51, 1)]",5,02/03/2022 03:15:40
Cust00840,01/03/2022 14:53:43,"[(36, 3), (23, 1), (71, 3), (140, 1)]",8,01/03/2022 17:53:52
Cust00841,01/03/2022 14:54:03,"[(180, 4), (176, 3), (27, 7)]",14,01/03/2022 18:29:19
Cust00842,01/03/2022 14:54:45,"[(137, 2)]",2,01/03/2022 18:23:37
Cust00843,01/03/2022 14:55:44,"[(34, 9)]",9,02/03/2022 01:58:11
Cust00844,01/03/2022 14:56:44,"[(47, 1), (25, 3)]",4,02/03/2022 04:57:12
Cust00845,01/03/2022 14:57:08,"[(12, 4), (79, 2), (17, 1)]",7,01/03/2022 20:47:08
Cust00846,01/03/2022 14:57:10,"[(44, 2), (25, 4), (66, 4), (320, 3), (91, 3), (105, 1), (101, 1), (50, 1)]",19,02/03/2022 06:15:21
Cust00847,01/03/2022 14:57:13,"[(118, 4)]",4,02/03/2022 06:31:21
Cust00848,01/03/2022 14:57:51,"[(27, 8), (352, 2)]",10,01/03/2022 23:55:29
Cust00849,01/03/2022 14:58:43,"[(206, 1), (2, 1)]",2,01/03/2022 18:58:43
Cust00850,01/03/2022 14:59:13,"[(214, 3), (113, 3), (122, 1), (229, 2)]",9,02/03/2022 10:55:47
Cust00851,01/03/2022 15:00:07,"[(145, 2)]",2,01/03/2022 18:23:23
Cust00852,01/03/2022 15:00:23,"[(164, 1), (161, 1)]",2,01/03/2022 23:11:51
Cust00853,01/03/2022 15:00:56,"[(59, 1), (129, 2), (72, 2), (39, 1), (215, 4), (215, 4), (53, 9), (227, 2)]",25,01/03/2022 19:46:45
Cust00854,01/03/2022 15:01:01,"[(41, 1), (16, 4), (94, 4), (154, 1), (204, 1), (76, 3), (158, 1), (8, 1), (105, 7)]",23,01/03/2022 23:48:28
Cust00855,01/03/2022 15:01:16,"[(15, 1), (99, 2)]",3,01/03/2022 18:17:30
Cust00856,01/03/2022 15:02:00,"[(47, 3), (139, 1), (108, 2), (165, 2)]",8,01/03/2022 19:29:55
Cust00857,01/03/2022 15:02:33,"[(73, 1)]",1,01/03/2022 18:02:40
Cust00858,01/03/2022 15:04:46,"[(43, 1)]",1,01/03/2022 18:36:09
Cust00859,01/03/2022 15:05:30,"[(17, 4), (70, 1)]",5,01/03/2022 18:54:25
Cust00860,01/03/2022 15:05:46,"[(62, 4), (72, 4)]",8,02/03/2022 09:51:03
Cust00861,01/03/2022 15:07:57,"[(88, 4), (56, 1)]",5,01/03/2022 21:22:20
Cust00862,01/03/2022 15:08:05,"[(315, 2)]",2,01/03/2022 18:39:11
Cust00863,01/03/2022 15:08:36,"[(58, 1), (229, 4), (346, 3), (108, 2)]",10,01/03/2022 18:41:12
Cust00864,01/03/2022 15:08:47,"[(161, 5)]",5,01/03/2022 21:21:15
Cust00865,01/03/2022 15:09:20,"[(73, 4), (198, 2), (211, 4), (87, 1)]",11,02/03/2022 04:11:55
Cust00866,01/03/2022 15:10:46,"[(197, 3), (142, 3)]",6,02/03/2022 23:45:08
Cust00867,01/03/2022 15:10:58,"[(286, 4), (134, 2), (287, 2)]",8,02/03/2022 02:14:42
Cust00868,01/03/2022 15:11:27,"[(311, 3)]",3,01/03/2022 20:40:14
Cust00869,01/03/2022 15:11:43,"[(12, 2), (46, 3), (48, 2), (22, 4)]",11,01/03/2022 19:04:20
Cust00870,01/03/2022 15:12:35,"[(66, 4)]",4,01/03/2022 18:32:53
Cust00871,01/03/2022 15:12:35,"[(19, 1)]",1,01/03/2022 22:17:06
Cust00872,01/03/2022 15:12:55,"[(97, 3), (224, 2), (236, 1), (39, 3)]",9,01/03/2022 21:07:41
Cust00873,01/03/2022 15:13:00,"[(21, 7), (14, 4)]",11,01/03/2022 20:48:51
Cust00874,01/03/2022 15:13:18,"[(199, 2), (2, 1), (114, 1), (140, 1), (18, 2), (96, 1)]",8,01/03/2022 20:07:08
Cust00875,01/03/2022 15:13:43,"[(20, 1), (24, 2)]",3,02/03/2022 00:41:01
Cust00876,01/03/2022 15:13:51,"[(112, 3)]",3,02/03/2022 01:30:44
Cust00877,01/03/2022 15:13:58,"[(45, 1), (79, 1), (7, 2), (204, 2), (11, 4), (179, 3), (16, 4), (35, 4), (89, 1)]",22,01/03/2022 20:20:57
Cust00878,01/03/2022 15:14:02,"[(136, 3), (67, 2), (28, 1), (27, 2), (15, 2)]",10,01/03/2022 23:53:12
Cust00879,01/03/2022 15:14:33,"[(119, 4), (106, 4)]",8,02/03/2022 07:12:05
Cust00880,01/03/2022 15:15:49,"[(74, 1), (72, 2), (70, 1), (140, 1)]",5,01/03/2022 22:42:22
Cust00881,01/03/2022 15:16:09,"[(28, 1)]",1,01/03/2022 21:55:49
Cust00882,01/03/2022 15:16:39,"[(26, 2)]",2,01/03/2022 18:22:29
Cust00883,01/03/2022 15:17:06,"[(84, 4), (264, 1)]",5,02/03/2022 01:15:20
Cust00884,01/03/2022 15:17:07,"[(258, 3), (265, 4)]",7,01/03/2022 22:52:59
Cust00885,01/03/2022 15:19:33,"[(210, 2)]",2,01/03/2022 20:03:55
Cust00886,01/03/2022 15:19:41,"[(200, 4), (53, 4), (73, 2)]",10,01/03/2022 21:27:54
Cust00887,01/03/2022 15:22:23,"[(64, 3)]",3,01/03/2022 20:28:03
Cust00888,01/03/2022 15:23:11,"[(284, 4), (216, 8)]",12,01/03/2022 19:04:41
Cust00889,01/03/2022 15:23:15,"[(3, 4), (114, 1), (338, 3)]",8,02/03/2022 00:34:15
Cust00890,01/03/2022 15:23:38,"[(145, 4)]",4,01/03/2022 19:09:29
Cust00891,01/03/2022 15:23:49,"[(325, 2), (235, 1)]",3,01/03/2022 21:29:49
Cust00892,01/03/2022 15:24:27,"[(14, 3), (138, 2), (275, 3)]",8,01/03/2022 18:56:49
Cust00893,01/03/2022 15:24:59,"[(65, 4)]",4,01/03/2022 20:51:51
Cust00894,01/03/2022 15:26:06,"[(146, 2), (80, 1), (45, 3), (2, 3)]",9,01/03/2022 20:23:07
Cust00895,01/03/2022 15:26:28,"[(176, 1)]",1,01/03/2022 22:49:13
Cust00896,01/03/2022 15:27:58,"[(171, 3), (368, 2), (22, 4)]",9,01/03/2022 22:58:47
Cust00897,01/03/2022 15:28:18,"[(315, 9), (264, 1)]",10,01/03/2022 21:25:49
Cust00898,01/03/2022 15:29:08,"[(107, 4)]",4,01/03/2022 20:54:36
Cust00899,01/03/2022 15:29:26,"[(78, 2), (2, 2)]",4,01/03/2022 22:40:20
Cust00900,01/03/2022 15:29:38,"[(71, 5)]",5,02/03/2022 10:18:35
Cust00901,01/03/2022 15:30:28,"[(25, 2), (63, 2)]",4,01/03/2022 21:29:34
Cust00902,01/03/2022 15:31:08,"[(158, 2), (35, 1), (19, 2)]",5,02/03/2022 09:36:18
Cust00903,01/03/2022 15:31:19,"[(46, 3)]",3,02/03/2022 01:22:42
Cust00904,01/03/2022 15:32:04,"[(229, 1)]",1,01/03/2022 19:17:23
Cust00905,01/03/2022 15:32:33,"[(162, 1), (74, 4), (73, 6)]",11,02/03/2022 02:42:40
Cust00906,01/03/2022 15:33:30,"[(99, 2), (14, 3)]",5,02/03/2022 00:05:26
Cust00907,01/03/2022 15:34:34,"[(57, 2), (20, 2), (23, 5)]",9,01/03/2022 19:24:29
Cust00908,01/03/2022 15:35:26,"[(112, 2), (149, 3)]",5,01/03/2022 18:39:09
Cust00909,01/03/2022 15:36:39,"[(83, 8), (270, 2), (290, 3), (53, 3)]",16,01/03/2022 21:59:56
Cust00910,01/03/2022 15:36:48,"[(84, 4), (216, 3)]",7,02/03/2022 03:49:23
Cust00911,01/03/2022 15:37:59,"[(59, 1), (36, 1), (106, 3), (98, 1)]",6,02/03/2022 10:11:20
Cust00912,01/03/2022 15:38:38,"[(45, 9), (79, 2)]",11,01/03/2022 21:40:43
Cust00913,01/03/2022 15:39:33,"[(87, 1), (46, 3), (292, 3)]",7,02/03/2022 01:32:26
Cust00914,01/03/2022 15:40:22,"[(213, 1), (78, 3), (3, 6)]",10,01/03/2022 20:41:39
Cust00915,01/03/2022 15:40:36,"[(8, 2), (65, 3), (66, 1), (101, 2)]",8,01/03/2022 21:56:41
Cust00916,01/03/2022 15:40:52,"[(97, 4), (16, 2), (255, 2)]",8,02/03/2022 06:17:01
Cust00917,01/03/2022 15:41:11,"[(1, 3), (8, 6)]",9,02/03/2022 04:19:56
Cust00918,01/03/2022 15:41:13,"[(73, 1), (195, 3), (242, 4)]",8,01/03/2022 20:27:43
Cust00919,01/03/2022 15:42:40,"[(139, 10), (143, 4), (63, 4), (110, 1), (78, 2)]",21,02/03/2022 02:35:08
Cust00920,01/03/2022 15:42:44,"[(184, 1), (66, 3), (233, 2), (309, 2), (263, 2), (173, 1), (135, 1), (78, 4)]",16,01/03/2022 23:02:14
Cust00921,01/03/2022 15:42:44,"[(43, 2)]",2,01/03/2022 20:08:12
Cust00922,01/03/2022 15:43:00,"[(10, 4), (40, 1), (7, 1)]",6,01/03/2022 18:47:53
Cust00923,01/03/2022 15:43:14,"[(95, 1), (92, 3), (114, 2), (207, 2)]",8,01/03/2022 19:54:48
Cust00924,01/03/2022 15:43:26,"[(96, 2), (10, 4)]",6,01/03/2022 23:30:56
Cust00925,01/03/2022 15:43:42,"[(57, 2)]",2,01/03/2022 19:12:33
Cust00926,01/03/2022 15:44:17,"[(119, 2), (47, 2), (230, 2), (107, 1)]",7,01/03/2022 23:42:47
Cust00927,01/03/2022 15:44:18,"[(34, 3)]",3,01/03/2022 20:54:22
Cust00928,01/03/2022 15:44:49,"[(58, 4), (139, 2)]",6,01/03/2022 18:45:33
Cust00929,01/03/2022 15:44:54,"[(98, 4)]",4,02/03/2022 01:22:34
Cust00930,01/03/2022 15:46:09,"[(1, 2), (75, 2), (97, 2), (99, 4)]",10,01/03/2022 21:02:58
Cust00931,01/03/2022 15:46:16,"[(187, 3), (199, 3)]",6,01/03/2022 21:05:46
Cust00932,01/03/2022 15:46:18,"[(19, 1)]",1,01/03/2022 23:51:57
Cust00933,01/03/2022 15:46:36,"[(7, 8), (64, 1)]",9,02/03/2022 07:30:57
Cust00934,01/03/2022 15:47:14,"[(238, 2), (35, 3), (119, 1), (56, 2)]",8,02/03/2022 01:31:33
Cust00935,01/03/2022 15:47:16,"[(185, 3), (326, 4), (108, 2), (174, 1), (59, 2), (192, 2), (33, 2), (75, 2)]",18,02/03/2022 05:31:56
Cust00936,01/03/2022 15:47:34,"[(78, 1), (42, 1)]",2,02/03/2022 00:14:09
Cust00937,01/03/2022 15:47:48,"[(186, 1), (35, 4)]",5,01/03/2022 21:42:58
Cust00938,01/03/2022 15:48:00,"[(38, 2), (19, 1)]",3,01/03/2022 19:28:03
Cust00939,01/03/2022 15:48:27,"[(34, 3), (4, 1)]",4,02/03/2022 00:39:22
Cust00940,01/03/2022 15:48:37,"[(102, 3), (90, 3), (18, 2), (157, 1)]",9,02/03/2022 02:05:37
Cust00941,01/03/2022 15:48:43,"[(256, 3), (113, 7)]",10,01/03/2022 23:02:30
Cust00942,01/03/2022 15:48:48,"[(82, 1), (6, 9), (126, 1)]",11,01/03/2022 23:00:38
Cust00943,01/03/2022 15:48:58,"[(50, 1), (1, 1), (204, 1), (67, 1)]",4,01/03/2022 23:33:36
Cust00944,01/03/2022 15:50:41,"[(87, 2), (119, 3)]",5,01/03/2022 21:44:08
Cust00945,01/03/2022 15:50:45,"[(205, 4), (90, 1), (35, 3)]",8,02/03/2022 02:26:18
Cust00946,01/03/2022 15:50:59,"[(82, 3), (3, 1), (275, 1), (152, 2), (65, 3)]",10,01/03/2022 19:10:08
Cust00947,01/03/2022 15:51:19,"[(42, 1), (51, 3), (22, 3), (224, 3), (172, 4)]",14,01/03/2022 20:08:31
Cust00948,01/03/2022 15:52:11,"[(138, 2), (87, 1), (7, 1), (37, 1)]",5,01/03/2022 21:25:12
Cust00949,01/03/2022 15:52:28,"[(54, 4), (96, 3), (128, 3), (78, 4)]",14,01/03/2022 22:21:11
Cust00950,01/03/2022 15:53:04,"[(160, 3)]",3,02/03/2022 00:38:26
Cust00951,01/03/2022 15:53:28,"[(61, 3), (141, 4), (91, 4), (218, 1)]",12,01/03/2022 19:19:42
Cust00952,01/03/2022 15:54:01,"[(229, 1), (72, 1)]",2,02/03/2022 07:52:17
Cust00953,01/03/2022 15:55:00,"[(17, 4)]",4,01/03/2022 20:51:57
Cust00954,01/03/2022 15:55:03,"[(112, 3), (68, 1), (181, 3), (17, 2)]",9,01/03/2022 19:50:16
Cust00955,01/03/2022 15:55:42,"[(331, 7)]",7,01/03/2022 19:30:00
Cust00956,01/03/2022 15:55:49,"[(101, 2)]",2,02/03/2022 13:25:03
Cust00957,01/03/2022 15:55:55,"[(18, 1), (99, 3), (9, 4), (4, 1), (78, 3), (78, 1)]",13,01/03/2022 23:06:05
Cust00958,01/03/2022 15:56:05,"[(52, 2), (326, 2)]",4,01/03/2022 19:23:46
Cust00959,01/03/2022 15:56:25,"[(57, 1), (91, 1)]",2,01/03/2022 20:36:37
Cust00960,01/03/2022 15:56:25,"[(115, 2), (164, 2)]",4,02/03/2022 11:58:35
Cust00961,01/03/2022 15:56:36,"[(290, 4), (143, 1)]",5,01/03/2022 19:37:34
Cust00962,01/03/2022 15:57:14,"[(264, 3), (237, 2)]",5,02/03/2022 01:51:35
Cust00963,01/03/2022 15:57:23,"[(125, 4), (65, 2)]",6,01/03/2022 23:50:10
Cust00964,01/03/2022 15:58:35,"[(99, 1)]",1,01/03/2022 20:39:11
Cust00965,01/03/2022 15:59:57,"[(41, 4), (40, 5), (47, 4)]",13,02/03/2022 01:33:22
Cust00966,01/03/2022 16:00:07,"[(336, 9), (47, 1), (152, 4)]",14,01/03/2022 20:56:43
Cust00967,01/03/2022 16:00:08,"[(110, 2)]",2,01/03/2022 23:37:54
Cust00968,01/03/2022 16:00:16,"[(60, 1), (58, 2)]",3,01/03/2022 19:54:04
Cust00969,01/03/2022 16:01:34,"[(321, 3), (142, 3)]",6,01/03/2022 23:06:47
Cust00970,01/03/2022 16:02:06,"[(19, 3), (185, 1)]",4,02/03/2022 05:42:59
Cust00971,01/03/2022 16:02:17,"[(15, 2), (93, 1)]",3,01/03/2022 20:59:59
Cust00972,01/03/2022 16:02:33,"[(177, 1), (36, 2), (156, 4)]",7,01/03/2022 21:12:07
Cust00973,01/03/2022 16:02:36,"[(7, 2), (167, 2)]",4,01/03/2022 21:30:31
Cust00974,01/03/2022 16:03:38,"[(42, 4), (33, 1)]",5,01/03/2022 23:53:39
Cust00975,01/03/2022 16:03:57,"[(28, 4), (47, 1), (12, 3), (375, 10)]",18,01/03/2022 21:49:16
Cust00976,01/03/2022 16:05:10,"[(4, 1), (294, 4), (32, 1)]",6,01/03/2022 20:51:24
Cust00977,01/03/2022 16:05:19,"[(28, 1)]",1,02/03/2022 04:58:35
Cust00978,01/03/2022 16:05:28,"[(12, 1), (344, 3), (118, 1), (187, 3)]",8,01/03/2022 20:37:17
Cust00979,01/03/2022 16:05:38,"[(104, 2), (60, 5), (169, 4)]",11,02/03/2022 01:35:29
Cust00980,01/03/2022 16:07:18,"[(154, 3), (136, 2), (175, 3)]",8,01/03/2022 19:17:41
Cust00981,01/03/2022 16:07:44,"[(5, 4)]",4,01/03/2022 23:08:06
Cust00982,01/03/2022 16:08:39,"[(135, 3), (110, 1), (35, 1)]",5,01/03/2022 19:51:25
Cust00983,01/03/2022 16:09:07,"[(61, 4), (88, 1), (115, 3), (127, 4)]",12,01/03/2022 19:13:24
Cust00984,01/03/2022 16:09:50,"[(152, 4), (5, 2), (212, 6), (59, 1)]",13,01/03/2022 21:10:04
Cust00985,01/03/2022 16:10:11,"[(139, 2), (31, 1)]",3,02/03/2022 00:55:11
Cust00986,01/03/2022 16:11:02,"[(200, 3), (209, 1)]",4,02/03/2022 01:15:13
Cust00987,01/03/2022 16:11:51,"[(305, 1)]",1,01/03/2022 23:47:44
Cust00988,01/03/2022 16:12:25,"[(46, 1), (29, 6)]",7,02/03/2022 01:59:55
Cust00989,01/03/2022 16:13:02,"[(99, 3)]",3,01/03/2022 22:38:52
Cust00990,01/03/2022 16:14:04,"[(100, 1), (112, 3)]",4,01/03/2022 19:54:20
Cust00991,01/03/2022 16:15:01,"[(226, 10), (229, 1), (4, 4)]",15,01/03/2022 19:38:43
Cust00992,01/03/2022 16:15:38,"[(76, 4)]",4,01/03/2022 20:47:22
Cust00993,01/03/2022 16:16:04,"[(88, 1), (252, 3), (247, 2), (112, 2)]",8,01/03/2022 20:31:55
Cust00994,01/03/2022 16:16:07,"[(82, 4)]",4,01/03/2022 22:02:14
Cust00995,01/03/2022 16:17:12,"[(24, 1)]",1,01/03/2022 20:05:31
Cust00996,01/03/2022 16:17:28,"[(114, 2), (73, 1), (95, 2), (1, 1)]",6,02/03/2022 05:32:58
Cust00997,01/03/2022 16:17:35,"[(198, 3), (73, 3), (194, 1)]",7,01/03/2022 20:22:08
Cust00998,01/03/2022 16:19:06,"[(143, 1)]",1,01/03/2022 21:26:23
Cust00999,01/03/2022 16:19:21,"[(210, 4), (93, 2), (146, 3), (24, 1)]",10,02/03/2022 02:47:02
Cust01000,01/03/2022 16:19:50,"[(249, 2), (15, 2)]",4,02/03/2022 01:35:38
Cust01001,01/03/2022 16:20:06,"[(81, 2)]",2,02/03/2022 03:04:35
Cust01002,01/03/2022 16:20:18,"[(7, 2)]",2,01/03/2022 20:11:46
Cust01003,01/03/2022 16:22:00,"[(275, 2), (43, 1), (28, 3), (17, 2), (42, 1), (48, 4), (103, 4), (74, 2), (137, 6)]",25,02/03/2022 03:29:24
Cust01004,01/03/2022 16:22:07,"[(14, 3), (97, 3), (70, 1), (214, 4)]",11,02/03/2022 00:30:31
Cust01005,01/03/2022 16:22:28,"[(230, 4)]",4,01/03/2022 20:16:08
Cust01006,01/03/2022 16:22:39,"[(73, 2), (185, 2), (298, 1)]",5,01/03/2022 23:43:00
Cust01007,01/03/2022 16:23:18,"[(11, 3), (44, 3)]",6,02/03/2022 05:17:50
Cust01008,01/03/2022 16:23:38,"[(11, 2), (173, 8), (46, 3), (222, 3)]",16,01/03/2022 20:02:03
Cust01009,01/03/2022 16:24:55,"[(141, 1), (59, 10), (21, 1)]",12,02/03/2022 02:59:22
Cust01010,01/03/2022 16:24:56,"[(7, 2)]",2,01/03/2022 20:59:52
Cust01011,01/03/2022 16:25:14,"[(67, 2), (327, 2), (22, 3), (242, 2)]",9,01/03/2022 20:20:51
Cust01012,01/03/2022 16:26:05,"[(21, 3), (111, 3), (196, 7)]",13,02/03/2022 01:29:49
Cust01013,01/03/2022 16:26:36,"[(143, 4)]",4,02/03/2022 01:21:11
Cust01014,01/03/2022 16:26:48,"[(58, 4), (82, 2)]",6,01/03/2022 22:03:41
Cust01015,01/03/2022 16:26:51,"[(49, 2), (159, 3), (90, 4)]",9,01/03/2022 19:36:30
Cust01016,01/03/2022 16:26:52,"[(16, 4), (39, 1), (19, 2)]",7,02/03/2022 01:35:54
Cust01017,01/03/2022 16:28:19,"[(302, 3), (247, 4), (118, 2)]",9,01/03/2022 23:22:10
Cust01018,01/03/2022 16:29:50,"[(143, 4)]",4,02/03/2022 04:03:53
Cust01019,01/03/2022 16:30:51,"[(23, 2)]",2,02/03/2022 00:38:29
Cust01020,01/03/2022 16:31:05,"[(120, 1), (15, 3), (87, 4)]",8,02/03/2022 04:22:34
Cust01021,01/03/2022 16:31:10,"[(130, 1), (173, 1)]",2,01/03/2022 23:49:06
Cust01022,01/03/2022 16:32:31,"[(224, 2), (10, 3)]",5,01/03/2022 21:27:42
Cust01023,01/03/2022 16:33:23,"[(54, 9), (270, 2)]",11,02/03/2022 01:20:53
Cust01024,01/03/2022 16:33:30,"[(58, 3)]",3,02/03/2022 00:45:33
Cust01025,01/03/2022 16:33:43,"[(139, 2), (336, 3)]",5,01/03/2022 20:11:49
Cust01026,01/03/2022 16:34:16,"[(94, 1), (28, 3), (163, 2)]",6,01/03/2022 19:51:41
Cust01027,01/03/2022 16:34:41,"[(225, 4)]",4,01/03/2022 23:55:25
Cust01028,01/03/2022 16:35:48,"[(10, 1), (74, 2), (125, 1)]",4,01/03/2022 20:09:29
Cust01029,01/03/2022 16:35:49,"[(77, 1)]",1,01/03/2022 22:42:40
Cust01030,01/03/2022 16:35:50,"[(120, 1), (83, 2), (205, 1), (269, 5)]",9,02/03/2022 03:47:29
Cust01031,01/03/2022 16:36:10,"[(119, 1)]",1,01/03/2022 22:37:37
Cust01032,01/03/2022 16:36:55,"[(43, 2), (4, 1), (81, 1)]",4,01/03/2022 21:49:14
Cust01033,01/03/2022 16:38:14,"[(181, 1), (86, 2)]",3,01/03/2022 20:08:09
Cust01034,01/03/2022 16:38:17,"[(18, 1), (157, 4), (347, 4), (38, 2)]",11,01/03/2022 23:02:03
Cust01035,01/03/2022 16:39:02,"[(45, 3), (48, 1)]",4,01/03/2022 19:47:36
Cust01036,01/03/2022 16:39:14,"[(86, 2), (73, 3), (78, 3)]",8,01/03/2022 22:52:21
Cust01037,01/03/2022 16:39:30,"[(130, 3)]",3,01/03/2022 23:03:42
Cust01038,01/03/2022 16:41:54,"[(229, 1), (75, 1), (175, 1), (8, 1)]",4,01/03/2022 21:00:03
Cust01039,01/03/2022 16:42:03,"[(66, 3), (194, 3), (63, 4)]",10,01/03/2022 19:42:45
Cust01040,01/03/2022 16:42:35,"[(324, 2), (159, 1)]",3,01/03/2022 21:44:32
Cust01041,01/03/2022 16:42:39,"[(215, 3), (89, 1), (139, 2)]",6,02/03/2022 05:15:05
Cust01042,01/03/2022 16:43:15,"[(50, 3), (271, 1), (210, 3), (65, 1)]",8,01/03/2022 21:08:47
Cust01043,01/03/2022 16:44:40,"[(35, 2), (251, 2)]",4,02/03/2022 05:27:13
Cust01044,01/03/2022 16:44:48,"[(56, 3)]",3,01/03/2022 22:39:11
Cust01045,01/03/2022 16:46:33,"[(21, 2)]",2,02/03/2022 06:48:59
Cust01046,01/03/2022 16:47:15,"[(337, 2)]",2,02/03/2022 12:29:30
Cust01047,01/03/2022 16:47:38,"[(34, 1)]",1,01/03/2022 20:23:26
Cust01048,01/03/2022 16:48:53,"[(198, 1), (68, 2), (137, 1), (141, 1)]",5,01/03/2022 20:51:36
Cust01049,01/03/2022 16:49:25,"[(241, 1), (46, 7), (143, 10)]",18,01/03/2022 19:58:49
Cust01050,01/03/2022 16:49:35,"[(216, 3), (39, 4), (44, 1)]",8,01/03/2022 20:47:42
Cust01051,01/03/2022 16:49:40,"[(135, 1)]",1,01/03/2022 22:34:11
Cust01052,01/03/2022 16:50:03,"[(97, 3), (172, 6), (73, 1), (16, 2)]",12,02/03/2022 12:15:20
Cust01053,01/03/2022 16:50:21,"[(23, 3), (224, 3)]",6,02/03/2022 00:17:33
Cust01054,01/03/2022 16:50:32,"[(164, 3), (1, 1)]",4,01/03/2022 21:40:23
Cust01055,01/03/2022 16:51:15,"[(66, 1), (257, 1)]",2,02/03/2022 02:41:54
Cust01056,01/03/2022 16:51:21,"[(123, 3), (44, 4), (173, 3)]",10,01/03/2022 20:12:51
Cust01057,01/03/2022 16:51:22,"[(34, 5), (10, 5), (142, 2)]",12,01/03/2022 22:18:34
Cust01058,01/03/2022 16:53:28,"[(55, 2), (374, 1), (31, 1)]",4,01/03/2022 22:36:13
Cust01059,01/03/2022 16:53:29,"[(148, 3)]",3,02/03/2022 04:53:14
Cust01060,01/03/2022 16:53:43,"[(278, 1), (43, 4), (106, 1), (48, 4), (79, 3), (153, 2), (53, 1), (78, 1), (147, 4), (37, 2)]",23,01/03/2022 20:06:54
Cust01061,01/03/2022 16:55:06,"[(135, 1)]",1,02/03/2022 01:58:14
Cust01062,01/03/2022 16:55:14,"[(34, 4)]",4,02/03/2022 02:38:45
Cust01063,01/03/2022 16:55:25,"[(201, 1), (82, 2), (84, 2), (159, 1)]",6,02/03/2022 03:15:34
Cust01064,01/03/2022 16:55:49,"[(233, 1)]",1,01/03/2022 21:22:39
Cust01065,01/03/2022 16:57:28,"[(46, 2)]",2,02/03/2022 01:04:38
Cust01066,01/03/2022 16:57:29,"[(76, 3)]",3,01/03/2022 21:57:00
